,Perceptor (Solicitante),Puntuación,Descripción: Organismos públicos,Causa de denegación
0,"PÉREZ GARCÍA, MARÍA DE LOS ÁNGELES, ***5554** (UNIVERSIDAD DE SALAMANCA, Q3718001E)",72,COMPUTACIÓN INTENSIVA DE SISTEMAS DE MUCHAS PARTÍCULAS EN MATERIA OSCURA Y MATERIA NUCLEAR,Inexistencia de crédito adecuado y suficiente para financiar las obligaciones derivadas de la concesión de las subvenciones en el ejercicio correspondiente.
1,"QUINTANILLA FISAC, MIGUEL ÁNGEL, ***8669** (UNIVERSIDAD DE SALAMANCA, Q3718001E)",72,PRODUCTIVIDAD DE LAS INSTITUCIONES CIENTÍFICAS Y VISIBILIDAD PÚBLICA DE LA CULTURA CIENTÍFICA Y TECNOLÓGICA EN CASTILLA Y LEÓN,Inexistencia de crédito adecuado y suficiente para financiar las obligaciones derivadas de la concesión de las subvenciones en el ejercicio correspondiente.
2,"SÁNCHEZ CRESPO, MARIANO, ***7773** (C.S.I.C., Q2818002D)",72,REGULACIÓN TRANSCRIPCIONAL DE LA PRODUCCIÓN DE CITOCINAS Y MECANISMOS DE DEFENSA FRENTE A LA MICOSIS INVASIVA,Inexistencia de crédito adecuado y suficiente para financiar las obligaciones derivadas de la concesión de las subvenciones en el ejercicio correspondiente.
3,"GÓMEZ GIL, JAIME, ***4174** (UNIVERSIDAD DE VALLADOLID, Q4718001C)",72,MANTENIMIENTO PREDICTIVO Y ANÁLISIS DEL CONFORT DE MAQUINARIA MEDIANTE REDES NEURONALES Y MÁQUINAS VECTOR SOPORTE A PARTIR DE LA VIBRACIÓN.,Inexistencia de crédito adecuado y suficiente para financiar las obligaciones derivadas de la concesión de las subvenciones en el ejercicio correspondiente.
4,"AJA FERNÁNDEZ, SANTIAGO, ***0181** (UNIVERSIDAD DE VALLADOLID, Q4718001C)",72,ESTUDIO POR RESONANCIA MAGNÉTICA DE DIFUSIÓN DEL DAÑO ESTRUCTURAL PRODUCIDO POR MIGRAÑA EPISÓDICA Y CRÓNICA SOBRE LA SUSTANCIA BLANCA DEL CEREBRO (DTMIG),Inexistencia de crédito adecuado y suficiente para financiar las obligaciones derivadas de la concesión de las subvenciones en el ejercicio correspondiente.
5,"MAZA ZORRILLA, ELENA, ***0699** (UNIVERSIDAD DE VALLADOLID, Q4718001C)",72,SOCIABILIDAD EN LA EUROPA DEL SUR. ANÁLISIS COMPARATIVO E INTERDISCIPLINAR DESDE CASTILLA Y LEÓN,Inexistencia de crédito adecuado y suficiente para financiar las obligaciones derivadas de la concesión de las subvenciones en el ejercicio correspondiente.
6,"MIGUEL SAN JOSÉ, DANIEL, ***3782** (UNIVERSIDAD DE VALLADOLID, Q4718001C)",72,SÍNTESIS DE HETEROCICLOS DERIVADOS DE INDOLIZINA CON INTERÉS FARMACOLÓGICO MEDIANTE CONDENSACIÓN DE PIRIDIN-ALDEHÍDOS PROMOVIDA POR METALES,Inexistencia de crédito adecuado y suficiente para financiar las obligaciones derivadas de la concesión de las subvenciones en el ejercicio correspondiente.
7,"RODRÍGUEZ ESCUDERO, ANA ISABEL, ***4254** (UNIVERSIDAD DE VALLADOLID, Q4718001C)",72,EL DESARROLLO DE NUEVOS PRODUCTOS Y SERVICIOS BAJO EL PRISMA DE LA INNOVACIÓN ABIERTA. ESTUDIO DE LA CONTRIBUCIÓN DE LAS AGENCIAS DE DESARROLLO LOCAL Y DE LOS VIVEROS DE EMPRESAS AL ÉXITO EMPRENDEDOR,Inexistencia de crédito adecuado y suficiente para financiar las obligaciones derivadas de la concesión de las subvenciones en el ejercicio correspondiente.
8,"DEL BRÍO GONZÁLEZ, ESTHER BASILIA, ***7610** (UNIVERSIDAD DE SALAMANCA, Q3718001E)","71,5",GOBIERNO CORPORATIVO Y ENTORNO INSTITUCIONAL,Inexistencia de crédito adecuado y suficiente para financiar las obligaciones derivadas de la concesión de las subvenciones en el ejercicio correspondiente.
9,"LORENZANA IBÁN, ANTOLÍN, ***6179** (UNIVERSIDAD DE VALLADOLID, Q4718001C)","71,5",TÉCNICAS PASIVAS PARA LA MEJORA DEL ESTADO LÍMITE DE SERVICIO DE VIBRACIONES EN PASARELAS PEATONALES,Inexistencia de crédito adecuado y suficiente para financiar las obligaciones derivadas de la concesión de las subvenciones en el ejercicio correspondiente.
10,"GÓMEZ PALLARÉS, MANUEL, ***9988** (UNIVERSIDAD DE VALLADOLID, Q4718001C)","71,5",GALLETAS LIBRES DE GLUTEN MÁS SALUDABLES: EFECTO DE LOS MATERIALES ALMIDONOSOS Y SUS COMBINACIONES CON PROTEÍNAS Y FIBRAS,Inexistencia de crédito adecuado y suficiente para financiar las obligaciones derivadas de la concesión de las subvenciones en el ejercicio correspondiente.
11,"GONZÁLEZ BENITO, JAVIER, ***7193** (UNIVERSIDAD DE SALAMANCA, Q3718001E)",71,IDENTIFICACIÓN Y ANÁLISIS DE MODELOS DE GESTIÓN MEDIOAMBIENTAL COMPETITIVOS: DESARROLLO SOSTENIBLE MEDIANTE LA ALINEACIÓN DE RESULTADOS MEDIOAMBIENTALES Y ECONÓMICOS,Inexistencia de crédito adecuado y suficiente para financiar las obligaciones derivadas de la concesión de las subvenciones en el ejercicio correspondiente.
12,"LÓPEZ CAMPANO, LAURA, ***1927** (UNIVERSIDAD DE LEÓN, Q2432001B)",71,DESARROLLO DE HERRAMIENTAS PARA LA PREDICCIÓN Y TELEDETECCIÓN DE RIESGOS AGROMETEOROLÓGICOS Y RIESGOS METEOROLÓGICOS SOBRE INFRAESTRUCTURAS DE TRANSPORTE UTILIZANDO EL GFA OPEN DATA: ROMCYL,Inexistencia de crédito adecuado y suficiente para financiar las obligaciones derivadas de la concesión de las subvenciones en el ejercicio correspondiente.
13,"FRAILE LAIZ, ROBERTO, ***3648** (UNIVERSIDAD DE LEÓN, Q2432001B)",71,INFLUENCIA DE LA PRECIPITACIÓN EN LA CONCENTRACIÓN DE MATERIAL PARTICULADO Y DE POLEN: EFECTOS CLIMÁTICOS Y CLÍNICOS,Inexistencia de crédito adecuado y suficiente para financiar las obligaciones derivadas de la concesión de las subvenciones en el ejercicio correspondiente.
14,"APARICIO FERNÁNDEZ, JESÚS MANUEL, ***5680** (UNIVERSIDAD DE LEÓN, Q2432001B)",71,"APLICACIÓN DEL REGULADOR PAS- LUXR PIMM COMO HERRAMIENTA PARA EL DESCUBRIMIENTO DE NUEVOS FÁRMACOS, CARACTERIZACIÓN MOLECULAR DEL MECANISMO DE ACCIÓN.",Inexistencia de crédito adecuado y suficiente para financiar las obligaciones derivadas de la concesión de las subvenciones en el ejercicio correspondiente.
15,"MARTÍNEZ SACRISTÁN, ÓSCAR, ***6094** (UNIVERSIDAD DE VALLADOLID, Q4718001C)",71,"CARACTERIZACIÓN DE OBLEAS Y CÉLULAS SOLARES DE SILICIO (MULTICRISTALINO, AMORFO Y RIBBON) Y DE CDTE/CDS",Inexistencia de crédito adecuado y suficiente para financiar las obligaciones derivadas de la concesión de las subvenciones en el ejercicio correspondiente.
16,"DURÁN DOMÍNGUEZ, MARÍA MERCEDES, ***0963** (UNIVERSIDAD DE VALLADOLID, Q4718001C)",71,DETECCIÓN MOLECULAR DE INVERSIONES PARACÉNTRICAS COMO MECANISMO MUTACIONAL EN CÁNCER COLORRECTAL,Inexistencia de crédito adecuado y suficiente para financiar las obligaciones derivadas de la concesión de las subvenciones en el ejercicio correspondiente.
17,"PÉREZ GARCÍA, MARÍA TERESA, ***6500** (UNIVERSIDAD DE VALLADOLID, Q4718001C)",71,LOS CANALES KV1 COMO DIANAS TERAPÉUTICAS PARA LA PREVENCIÓN Y EL TRATAMIENTO DE LA HIPERPLASIA DE LA ÍNTIMA,Inexistencia de crédito adecuado y suficiente para financiar las obligaciones derivadas de la concesión de las subvenciones en el ejercicio correspondiente.
18,"NIETO CALLEJO, MARÍA LUISA, ***8878** (C.S.I.C., Q2818002D)","70,8",CARACTERIZACIÓN DE MOLÉCULAS REGULADORAS DEL DAÑO CARDIACO EN PATOLOGÍAS INFLAMATORIAS DEL MIOCARDIO E IDENTIFICACIÓN DE NUEVAS ESTRATEGIAS TERAPÉUTICAS.,Inexistencia de crédito adecuado y suficiente para financiar las obligaciones derivadas de la concesión de las subvenciones en el ejercicio correspondiente.
19,"BAUTISTA PÉREZ, FRANCISCO, ***7461** (UNIVERSIDAD DE SALAMANCA, Q3718001E)","70,5","LITERATURA Y LEYENDAS DE LA CASTILLA CONDAL: ÉPICA, HISTORIOGRAFÍA Y ROMANCERO DE LA EDAD MEDIA Y EL RENACIMIENTO",Inexistencia de crédito adecuado y suficiente para financiar las obligaciones derivadas de la concesión de las subvenciones en el ejercicio correspondiente.
20,"SAN SEGUNDO NIETO, PEDRO ANTONIO, ***6139** (C.S.I.C., Q2818002D)","70,5","EPIGENÉTICA DE LA MEIOSIS: FUNCIÓN DE LA METILACIÓN DE HISTONAS DURANTE LA GAMETOGÉNESIS EN UN SISTEMA ANIMAL SIMPLE, CAENORHABDITIS ELEGANS.",Inexistencia de crédito adecuado y suficiente para financiar las obligaciones derivadas de la concesión de las subvenciones en el ejercicio correspondiente.
21,"MALDONADO LÓPEZ, MIGUEL JOSÉ, ***4997** (UNIVERSIDAD DE VALLADOLID, Q4718001C)","70,5",INCREMENTANDO LA SEGURIDAD EN NUESTRAS CARRETERAS: ANÁLISIS DE FACTORES PREDICTORES DE LA ANTICIPACIÓN VISUAL EN CONDUCCIÓN NOCTURNA REAL EN PACIENTES SOMETIDOS A CIRUGÍA REFRACTIVA,Inexistencia de crédito adecuado y suficiente para financiar las obligaciones derivadas de la concesión de las subvenciones en el ejercicio correspondiente.
22,"MARTÍN HERRÁN, GUIOMAR, ***9716** (UNIVERSIDAD DE VALLADOLID, Q4718001C)","70,5",EFECTO SOBRE EL CRECIMIENTO ECONÓMICO Y LOS ACUERDOS MEDIOAMBIENTALES DE LA GESTIÓN ÓPTIMA DE LOS RECURSOS NATURALES Y DEL CAMBIO CLIMÁTICO: UN ANÁLISIS DINÁMICO,Inexistencia de crédito adecuado y suficiente para financiar las obligaciones derivadas de la concesión de las subvenciones en el ejercicio correspondiente.
23,"DUEÑAS CARAZO, SALVADOR, ***0204** (UNIVERSIDAD DE VALLADOLID, Q4718001C)","70,5",SISTEMA MULTILED DE MEDIDA DE EFICIENCIA CUÁNTICA ESPECTRAL EN CÉLULAS SOLARES,Inexistencia de crédito adecuado y suficiente para financiar las obligaciones derivadas de la concesión de las subvenciones en el ejercicio correspondiente.
24,"MONTERO MARTÍN, JAVIER, ***6607** (UNIVERSIDAD DE SALAMANCA, Q3718001E)",70,ESTUDIO CLÍNICO ALEATORIZADO DEL RESULTADO TERAPÉUTICO DE LAS SOBREDENTADURAS MANDIBULARES SOBRE DOS IMPLANTES CON O SIN CARGA INMEDIATA.,Inexistencia de crédito adecuado y suficiente para financiar las obligaciones derivadas de la concesión de las subvenciones en el ejercicio correspondiente.
25,"CAPITA GONZÁLEZ, ROSA MARÍA, ***7315** (UNIVERSIDAD DE LEÓN, Q2432001B)",70,"EFECTO DE ALGUNOS BIOCIDAS EN LA CAPACIDAD PARA FORMAR BIOFILM, LA RESISTENCIA A ANTIMICROBIANOS Y LA ULTRAESTRUCTURA DE BACTERIAS PATÓGENAS TRANSMITIDAS POR ALIMENTOS",Inexistencia de crédito adecuado y suficiente para financiar las obligaciones derivadas de la concesión de las subvenciones en el ejercicio correspondiente.
26,"OLEAGA PÉREZ, ANA, ***5088** (C.S.I.C., Q2818002D)",70,SELECCIÓN DE ANTÍGENOS OCULTOS DEL TUBO DIGESTIVO DE ORNITHODOROS SP. PARA EL DESARROLLO DE VACUNAS ANTI- GARRAPATA,Inexistencia de crédito adecuado y suficiente para financiar las obligaciones derivadas de la concesión de las subvenciones en el ejercicio correspondiente.
27,"SÁNCHEZ ROMERO, DIEGO, ***5952** (UNIVERSIDAD DE VALLADOLID, Q4718001C)",70,ESTUDIO DE LA POTENCIALIDAD TERAPÉUTICA DE EXOSOMAS ENRIQUECIDOS EN APOLIPOPROTEÍNA-D COMO MÉTODO PARA VEHICULAR FACTORES NEUROPROTECTORES EN ENFERMEDADES NEURODEGENERATIVAS,Inexistencia de crédito adecuado y suficiente para financiar las obligaciones derivadas de la concesión de las subvenciones en el ejercicio correspondiente.
28,"PAJARES GUTIÉRREZ, JAVIER, ***9355** (UNIVERSIDAD DE VALLADOLID, Q4718001C)",70,SISTEMA DE INFORMACIÓN PARA LA GESTIÓN DE PROYECTOS DE PARTICIPACIÓN PÚBLICA PRIVADA. SIGP4.,Inexistencia de crédito adecuado y suficiente para financiar las obligaciones derivadas de la concesión de las subvenciones en el ejercicio correspondiente.
29,"RODRÍGUEZ SANZ, JUAN ANTONIO, ***8595** (UNIVERSIDAD DE VALLADOLID, Q4718001C)",70,GOBIERNO Y CONTROL EN LA EMPRESA: APLICACIÓN AL CASO DE LAS EMPRESAS DE CASTILLA Y LEÓN,Inexistencia de crédito adecuado y suficiente para financiar las obligaciones derivadas de la concesión de las subvenciones en el ejercicio correspondiente.
30,"ORTIZ FERNÁNDEZ, MARÍA DE LA CRUZ, ***5730** (UNIVERSIDAD DE BURGOS, Q0968272E)","69,5",DESARROLLO DE UNA PLATAFORMA ANALÍTICA CON DATOS DE N-VÍAS PARA MÉTODOS DE CRIBADO Y ENSAYOS DE MIGRACIÓN EN EL ÁMBITO DE LA SEGURIDAD ALIMENTARIA CON CONTROL DEL RIESGO DE FALSA CONFORMIDAD,Inexistencia de crédito adecuado y suficiente para financiar las obligaciones derivadas de la concesión de las subvenciones en el ejercicio correspondiente.
31,"RONDA BALBÁS, MARÍA FELICIDAD, ***5253** (UNIVERSIDAD DE VALLADOLID, Q4718001C)","69,5",ESTUDIO DE LAS CARACTERÍSTICAS FÍSICO-QUÍMICAS Y NUTRICIONALES DEL GRANO Y LA HARINA DE TEF. APLICACIONES AL DESARROLLO DE NUEVOS ALIMENTOS,Inexistencia de crédito adecuado y suficiente para financiar las obligaciones derivadas de la concesión de las subvenciones en el ejercicio correspondiente.
32,"DÁVILA GONZÁLEZ, IGNACIO JESÚS, ***4423** (HOSPITAL UNIVERSITARIO DE SALAMANCA, Q3769010D)",69,BÚSQUEDA DE DIANAS TERAPÉUTICAS EN LA RESPUESTA ALÉRGICA. MODULACIÓN POR ÁCIDO RETINOICO,Inexistencia de crédito adecuado y suficiente para financiar las obligaciones derivadas de la concesión de las subvenciones en el ejercicio correspondiente.
33,"RODRÍGUEZ ALCANTUD, JOSÉ CARLOS, ***6894** (UNIVERSIDAD DE SALAMANCA, Q3718001E)",69,ANÁLISIS Y EXPERIMENTACIÓN EN ECONOMÍA: IMPLICACIONES SOCIALES,Inexistencia de crédito adecuado y suficiente para financiar las obligaciones derivadas de la concesión de las subvenciones en el ejercicio correspondiente.
34,"MATAS CABALLERO, JUAN, ***7427** (UNIVERSIDAD DE LEÓN, Q2432001B)",69,CASTILLA Y LEÓN EN EL TEATRO HISTÓRICO DEL SIGLO DE ORO,Inexistencia de crédito adecuado y suficiente para financiar las obligaciones derivadas de la concesión de las subvenciones en el ejercicio correspondiente.
35,"ARIAS VALLEJO, FRANCISCO JAVIER, ***9628** (UNIVERSIDAD DE VALLADOLID, Q4718001C)",69,DISPOSITIVOS AVANZADOS DE LIBERACIÓN CONTROLADA DE AGENTES TERAPÉUTICOS BASADOS EN MATERIALES RECOMBINANTES BIOMIMÉTICOS,Inexistencia de crédito adecuado y suficiente para financiar las obligaciones derivadas de la concesión de las subvenciones en el ejercicio correspondiente.
36,"ROBLES RODRÍGUEZ, VANESA, ***0405** (UNIVERSIDAD DE LEÓN, Q2432001B)","68,9",CONTAMINANTES EMERGENTES E INFERTILIDAD MASCULINA: EFECTO DE LOS AGENTES EPIGENOTÓXICOS DURANTE LA ESPERMATOGÉNESIS,Inexistencia de crédito adecuado y suficiente para financiar las obligaciones derivadas de la concesión de las subvenciones en el ejercicio correspondiente.
37,"DÍEZ MEDIAVILLA, MARÍA MONTSERRAT, ***7555** (UNIVERSIDAD DE BURGOS, Q0968272E)","68,5",DESARROLLO DE UN GENERADOR HÍBRIDO FOTOVOLTAICO- TERMOELÉCTRICO (PV-TEG) PARA INTEGRACIÓN ARQUITECTÓNICA,Inexistencia de crédito adecuado y suficiente para financiar las obligaciones derivadas de la concesión de las subvenciones en el ejercicio correspondiente.
38,"MANZANO ROMÁN, RAÚL, ***6529** (C.S.I.C., Q2818002D)","68,5",ESTANDARIZACIÓN Y VALIDACIÓN DE UN ENSAYO DE CITOMETRÍA CON MICRO-ESFERAS PARA DIAGNÓSTICO Y SEGUIMIENTO DE LA HIDATIDOSIS: DETECCIÓN SIMULTÁNEA DE ANTICUERPOS FRENTE A SEIS ANTÍGENOS DE UTILIDAD.,Inexistencia de crédito adecuado y suficiente para financiar las obligaciones derivadas de la concesión de las subvenciones en el ejercicio correspondiente.
39,"BARBERO DÍEZ, ÁNGELA ISABEL, ***0864** (UNIVERSIDAD DE VALLADOLID, Q4718001C)","68,5",FIABILIDAD Y SEGURIDAD PARA DISPOSITIVOS RFID (IDENTIFICACIÓN POR RADIO FRECUENCIA): CODIFICACIÓN Y CRIPTOGRAFÍA,Inexistencia de crédito adecuado y suficiente para financiar las obligaciones derivadas de la concesión de las subvenciones en el ejercicio correspondiente.
40,"ACEBES ARCONADA, LUIS FELIPE, ***7704** (UNIVERSIDAD DE VALLADOLID, Q4718001C)","68,5",DESARROLLO DE UN ENTORNO INFORMÁTICO PARA LA GESTIÓN AUTOMÁTICA Y ENERGÉTICAMENTE EFICIENTE DEL PROCESO DE EVAPORACIÓN Y CRISTALIZACIÓN DE UNA FACTORÍA AZUCARERA,Inexistencia de crédito adecuado y suficiente para financiar las obligaciones derivadas de la concesión de las subvenciones en el ejercicio correspondiente.
41,"PÉREZ GIL, JAVIER, ***9987** (UNIVERSIDAD DE VALLADOLID, Q4718001C)","68,5","CARACTERIZACIÓN PATRIMONIAL DEL CONJUNTO HISTÓRICO DE GRAJAL DE CAMPOS (LEÓN): ESTUDIO Y ESTRATEGIAS DE CONSERVACIÓN, GESTIÓN Y VALORIZACIÓN",Inexistencia de crédito adecuado y suficiente para financiar las obligaciones derivadas de la concesión de las subvenciones en el ejercicio correspondiente.
42,"FUERTES OLIVERA, PEDRO ANTONIO, ***7774** (UNIVERSIDAD DE VALLADOLID, Q4718001C)","68,5",LA TEORÍA FUNCIONAL DE LA LEXICOGRAFÍA: DISEÑO Y CONSTRUCCIÓN DE DICCIONARIOS DE INTERNET,Inexistencia de crédito adecuado y suficiente para financiar las obligaciones derivadas de la concesión de las subvenciones en el ejercicio correspondiente.
43,"MUÑOZ GALLEGO, PABLO ANTONIO, ***2773** (UNIVERSIDAD DE SALAMANCA, Q3718001E)",68,OPORTUNIDADES DE MEJORA COMPETITIVA EN TURISMO RURAL A TRAVÉS DE LAS TICS: EWOM Y MARKETING MÓVIL,Inexistencia de crédito adecuado y suficiente para financiar las obligaciones derivadas de la concesión de las subvenciones en el ejercicio correspondiente.
44,"AZPIAZU TORRES, SUSANA, ***7566** (UNIVERSIDAD DE SALAMANCA, Q3718001E)",68,ESTUDIO HISTORIOGRÁFICO Y SINCRÓNICO DE LA OPOSICIÓN PRETÉRITO PERFECTO SIMPLE/ PRETÉRITO PERFECTO COMPUESTO EN EL ESPAÑOL EUROPEO CON ESPECIAL ATENCIÓN A LA VARIEDAD CASTELLANO-LEONESA.,Inexistencia de crédito adecuado y suficiente para financiar las obligaciones derivadas de la concesión de las subvenciones en el ejercicio correspondiente.
45,"BLANCO FUENTES, CARLOS ANTONIO, ***3157** (UNIVERSIDAD DE VALLADOLID, Q4718001C)",68,OPTIMIZACIÓN DEL PROCESO DE DESALCOHOLIZACIÓN POR DESTILACIÓN A VACÍO PARA MEJORAR LA CALIDAD DE LA CERVEZA SIN ALCOHOL,Inexistencia de crédito adecuado y suficiente para financiar las obligaciones derivadas de la concesión de las subvenciones en el ejercicio correspondiente.
46,"RODRÍGUEZ GONZALO, ENCARNACIÓN, ***9314** (UNIVERSIDAD DE SALAMANCA, Q3718001E)","67,6",APLICACIÓN DE TÉCNICAS CROMATOGRÁFICAS Y ELECTROFORÉTICAS AVANZADAS AL ANÁLISIS Y CARACTERIZACIÓN DE COMPUESTOS BIOACTIVOS NATURALES Y DE RESIDUOS VETERINARIOS EN ALIMENTOS,Inexistencia de crédito adecuado y suficiente para financiar las obligaciones derivadas de la concesión de las subvenciones en el ejercicio correspondiente.
47,"CORCHADO RODRÍGUEZ, EMILIO SANTIAGO, ***8536** (UNIVERSIDAD DE SALAMANCA, Q3718001E)","67,5",ÓPTIMA: OPTIMIZACIÓN ENERGÉTICA EN BATERÍAS DE VEHÍCULOS 100% ELÉCTRICOS,Inexistencia de crédito adecuado y suficiente para financiar las obligaciones derivadas de la concesión de las subvenciones en el ejercicio correspondiente.
48,"HERRERO PRIETO, LUIS CÉSAR, ***4126** (UNIVERSIDAD DE VALLADOLID, Q4718001C)","67,5",VALORACIÓN E IMPACTO ECONÓMICO DEL PATRIMONIO CULTURAL INTANGIBLE: METODOLOGÍA Y APLICACIONES,Inexistencia de crédito adecuado y suficiente para financiar las obligaciones derivadas de la concesión de las subvenciones en el ejercicio correspondiente.
49,"VELASCO GÓMEZ, ELOY, ***8377** (UNIVERSIDAD DE VALLADOLID, Q4718001C)","67,5","EVALUACIÓN ENERGÉTICA Y MEDIDA DEL CONFORT TÉRMICO EN EDIFICIOS HACIA CERO ENERGÍA, COMBINANDO ENFRIAMIENTO EVAPORATIVO INDIRECTO (EII) Y ESTRUCTURAS TÉRMICAMENTE ACTIVADAS (TABS).",Inexistencia de crédito adecuado y suficiente para financiar las obligaciones derivadas de la concesión de las subvenciones en el ejercicio correspondiente.
50,"GARCÍA SANZ, RAMÓN, ***5470** (HOSPITAL UNIVERSITARIO DE SALAMANCA, Q3769010D)","67,5",IMPACTO DEL ANÁLISIS DE MUTACIONES SOMÁTICAS MEDIANTE SECUENCIACIÓN MASIVA EN EL DIAGNÓSTICO Y EVALUACIÓN PRONÓSTICA DE LAS NEOPLASIAS LINFOIDES B (NLB),"Aptdo. Décimo, punto 2. El proyecto no alcanza la puntuación mínima de 30 puntos como suma de las puntuaciones de los criterios 10.1.b + 10.1.c + 10.1.d."
51,"AYARZA ARRIBAS, MARÍA DEL PUY, ***4855** (UNIVERSIDAD DE SALAMANCA, Q3718001E)","67,5",ANOMALÍAS MAGNÉTICAS DE LA ZONA CENTRO-IBÉRICA. INDICIOS DE UN BASAMENTO PRE-VARISCO.,"Aptdo. Décimo, punto 2. El proyecto no alcanza la puntuación mínima de 30 puntos como suma de las puntuaciones de los criterios 10.1.b + 10.1.c + 10.1.d."
52,"RODRÍGUEZ MACÍAS, MARÍA DEL ROCÍO ISABEL, ***5434** (UNIVERSIDAD DE SALAMANCA, Q3718001E)",67,BASES MOLECULARES DE LA ETIOPATOGENIA DE LA COLESTASIS INTRAHEPÁTICA GESTACIONAL (CIG): DAÑO PLACENTARIO Y SUS IMPLICACIONES CLÍNICAS,Inexistencia de crédito adecuado y suficiente para financiar las obligaciones derivadas de la concesión de las subvenciones en el ejercicio correspondiente.
53,"YENES ORTEGA, MARIANO, ***1633** (UNIVERSIDAD DE SALAMANCA, Q3718001E)",67,LA GEOLOGÍA Y EL VINO EN LOS MÁRGENES DEL RÍO DUERO EN CASTILLA Y LEÓN. UN RECURSO NATURAL Y CULTURAL.,Inexistencia de crédito adecuado y suficiente para financiar las obligaciones derivadas de la concesión de las subvenciones en el ejercicio correspondiente.
54,"PRIETO ADÁNEZ, GERARDO, ***8378** (UNIVERSIDAD DE SALAMANCA, Q3718001E)",67,ANÁLISIS DEL FUNCIONAMIENTO DIFERENCIAL DE ÍTEMS DE COMPRENSIÓN VERBAL DE EXÁMENES DE ESPAÑOL COMO LENGUA EXTRANJERA EN FUNCIÓN DEL SEXO Y LA FAMILIA LINGÜÍSTICA,Inexistencia de crédito adecuado y suficiente para financiar las obligaciones derivadas de la concesión de las subvenciones en el ejercicio correspondiente.
55,"GONZÁLEZ ANDRÉS, FERNANDO, ***8406** (UNIVERSIDAD DE LEÓN, Q2432001B)",67,DESARROLLO DE FORMULACIONES PARA LA APLICACIÓN DE BIOFERTILIZANTES BASADOS EN MICROORGANISMOS AUTÓCTONOS: PRUEBAS PILOTO EN CAMPO PARA PRODUCTOS AGROALIMENTARIOS CON IGP DE CASTILLA Y LEÓN,Inexistencia de crédito adecuado y suficiente para financiar las obligaciones derivadas de la concesión de las subvenciones en el ejercicio correspondiente.
56,"AGUADO RODRÍGUEZ, ANDRÉS, ***2811** (UNIVERSIDAD DE VALLADOLID, Q4718001C)",67,"SIMULACIÓN COMPUTACIONAL DE PROPIEDADES Y PROCESOS FÍSICO- QUÍMICOS EN MATERIALES, CON INTERÉS EN NANOTECNOLOGÍA, CATÁLISIS, CORROSIÓN, ESPINTRÓNICA, BIOMEDICINA Y REACTORES NUCLEARES.",Inexistencia de crédito adecuado y suficiente para financiar las obligaciones derivadas de la concesión de las subvenciones en el ejercicio correspondiente.
57,"POZA CRESPO, JESÚS, ***8277** (UNIVERSIDAD DE VALLADOLID, Q4718001C)","66,9",ESTUDIO DE LAS DIFERENTES JERARQUÍAS DE ORGANIZACIÓN NEURONAL EN PACIENTES CON DETERIORO COGNITIVO LEVE Y DEMENCIA POR ENFERMEDAD DE ALZHEIMER,Inexistencia de crédito adecuado y suficiente para financiar las obligaciones derivadas de la concesión de las subvenciones en el ejercicio correspondiente.
58,"MARTÍNEZ FERNÁNDEZ, JOSÉ, ***3208** (UNIVERSIDAD DE SALAMANCA, Q3718001E)","66,5",USO DE ÍNDICES HIPERESPECTRALES Y VARIABLES HÍDRICAS DEL VIÑEDO PARA LA ESTIMACIÓN DE LA PRODUCTIVIDAD Y LA CALIDAD DE LA UVA PARA VINIFICACIÓN,Inexistencia de crédito adecuado y suficiente para financiar las obligaciones derivadas de la concesión de las subvenciones en el ejercicio correspondiente.
59,"GUERRERO ARROYO, MARÍA DEL CARMEN, ***3982** (UNIVERSIDAD DE SALAMANCA, Q3718001E)","66,5",MECANISMOS DE REGULACIÓN DE C3G Y SU IMPLICACIÓN EN ISQUEMIA CARDIACA,Inexistencia de crédito adecuado y suficiente para financiar las obligaciones derivadas de la concesión de las subvenciones en el ejercicio correspondiente.
60,"CORTÉS TOVAR, ROSARIO, ***3417** (UNIVERSIDAD DE SALAMANCA, Q3718001E)","66,5","CARRERAS LITERARIAS ROMANAS DE ÉPOCA REPUBLICANA, CLÁSICA Y POSCLÁSICA",Inexistencia de crédito adecuado y suficiente para financiar las obligaciones derivadas de la concesión de las subvenciones en el ejercicio correspondiente.
61,"MARTÍN CASTELLANOS, CRISTINA, ***9380** (C.S.I.C., Q2818002D)","66,5","REGULACIÓN DE LA INTEGRIDAD DEL GENOMA: REPLICACIÓN, TRANSCRIPCIÓN Y RECOMBINACIÓN",Inexistencia de crédito adecuado y suficiente para financiar las obligaciones derivadas de la concesión de las subvenciones en el ejercicio correspondiente.
62,"DÍAZ GONZÁLEZ, LUIS NICANOR PABLO, ***5077** (UNIVERSIDAD DE VALLADOLID, Q4718001C)","66,5",OPORTUNIDADES DE DESARROLLO EN LOS PAISAJES DE LA NEORRURALIDAD: LA MIGRACIÓN DE RETORNO Y SU IMPACTO EN LA DINAMIZACIÓN DEL TURISMO Y EL PATRIMONIO CULTURAL,Inexistencia de crédito adecuado y suficiente para financiar las obligaciones derivadas de la concesión de las subvenciones en el ejercicio correspondiente.
63,"HERNÁNDEZ HERNÁNDEZ, ÁNGEL, ***5538** (UNIVERSIDAD DE SALAMANCA, Q3718001E)",66,PAPEL DE LAS NADPH OXIDASAS EN HEMATOPOYESIS. USO DE ESTAS ENZIMAS COMO DIANAS TERAPÉUTICAS EN LEUCEMIA MIELOIDE AGUDA,Inexistencia de crédito adecuado y suficiente para financiar las obligaciones derivadas de la concesión de las subvenciones en el ejercicio correspondiente.
64,"FERNÁNDEZ GONZÁLEZ, FRANCISCO, ***7712** (UNIVERSIDAD DE SALAMANCA, Q3718001E)",66,SIMULACIÓN NUMÉRICA DE DISPOSITIVOS DE IRRADIACIÓN IN VIVO MEDIANTE HACES DE PARTÍCULAS GENERADAS POR LÁSERES,Inexistencia de crédito adecuado y suficiente para financiar las obligaciones derivadas de la concesión de las subvenciones en el ejercicio correspondiente.
65,"GONZÁLEZ AGUILERA, DIEGO, ***8000** (UNIVERSIDAD DE SALAMANCA, Q3718001E)",66,DISEÑO Y DESARROLLO DE UNA INTERFACE HOMBRE-MÁQUINA PARA TAREAS DE MANTENIMIENTO EN INGENIERÍA AEROESPACIAL,Inexistencia de crédito adecuado y suficiente para financiar las obligaciones derivadas de la concesión de las subvenciones en el ejercicio correspondiente.
66,"MORALES CORTS, MARÍA REMEDIOS, ***4507** (UNIVERSIDAD DE SALAMANCA, Q3718001E)",66,ESTUDIO DEL EFECTO SUPRESOR FRENTE A 3 HONGOS FITOPATÓGENOS DE EXTRATOS DE VERMICOMPOST Y COMPOST DE RESIDUOS DE JARDINERÍA,Inexistencia de crédito adecuado y suficiente para financiar las obligaciones derivadas de la concesión de las subvenciones en el ejercicio correspondiente.
67,"CARRANCHO ALONSO, ÁNGEL, ***6930** (UNIVERSIDAD DE BURGOS, Q0968272E)",66,ESTUDIOS ARQUEOMAGNÉTICOS Y DE PROPIEDADES MAGNÉTICAS EN REGISTROS DE FUEGOS ANTRÓPICOS PREHISTÓRICOS. APLICACIONES A LA GEOARQUEOLOGÍA,Inexistencia de crédito adecuado y suficiente para financiar las obligaciones derivadas de la concesión de las subvenciones en el ejercicio correspondiente.
68,"BUENO GARCÍA, ANTONIO, ***4386** (UNIVERSIDAD DE VALLADOLID, Q4718001C)",66,UTILIZACIÓN DE LAS TECNOLOGÍAS DE LA INFORMACIÓN PARA LA ELABORACIÓN DE UN DICCIONARIO TERMINOLÓGICO DE ONCOLOGÍA MÉDICA INGLÉS-FRANCÉS-ALEMÁN- ESPAÑOL,Inexistencia de crédito adecuado y suficiente para financiar las obligaciones derivadas de la concesión de las subvenciones en el ejercicio correspondiente.
69,"LÓPEZ PASTOR, VÍCTOR MANUEL, ***5037** (UNIVERSIDAD DE VALLADOLID, Q4718001C)",66,LAS COMPETENCIAS DOCENTES EN LA FORMACIÓN INICIAL DEL PROFESORADO DE EDUCACIÓN FÍSICA,Inexistencia de crédito adecuado y suficiente para financiar las obligaciones derivadas de la concesión de las subvenciones en el ejercicio correspondiente.
70,"SIERRA DE GRADO, Mª DEL ROSARIO, ***9907** (UNIVERSIDAD DE VALLADOLID, Q4718001C)",66,BIOMECÁNICA Y ECOLOGÍA DE LA RECTITUD DEL FUSTE EN PINUS PINASTER AIT.,Inexistencia de crédito adecuado y suficiente para financiar las obligaciones derivadas de la concesión de las subvenciones en el ejercicio correspondiente.
71,"EL HOUR AMRO, RACHID, ***0674** (UNIVERSIDAD DE SALAMANCA, Q3718001E)",66,CARTAS MAGREBÍES INÉDITAS DEL ARCHIVO GENERAL DE SIMANCAS. EDICIÓN Y ESTUDIO DE LA DOCUMENTACIÓN ÁRABE DE ARGELIA Y TÚNEZ (SIGLOS XVI-XVII).,"Aptdo. Décimo, punto 2. El proyecto no alcanza la puntuación mínima de 30 puntos como suma de las puntuaciones de los criterios 10.1.b + 10.1.c + 10.1.d."
72,"TORIBIO QUEVEDO, JESÚS ANDRÉS, ***8625** (UNIVERSIDAD DE SALAMANCA, Q3718001E)",66,INFLUENCIA DEL AMBIENTE DE HIDRÓGENO Y DE LAS SOLICITACIONES CÍCLICAS SOBRE EL COMPORTAMIENTO EN FRACTURA DE ACERO EUTECTOIDE TREFILADO.,"Aptdo. Décimo, punto 2. El proyecto no alcanza la puntuación mínima de 30 puntos como suma de las puntuaciones de los criterios 10.1.b + 10.1.c + 10.1.d."
73,"NIETO ANTOLÍN, MARIANO JUAN, ***3152** (UNIVERSIDAD DE LEÓN, Q2432001B)",66,ANÁLISIS DE LOS FACTORES DETERMINANTES DE LA INNOVACIÓN Y LA CREACIÓN DE EMPRESAS EN CASTILLA Y LEÓN,"Aptdo. Décimo, punto 2. El proyecto no alcanza la puntuación mínima de 30 puntos como suma de las puntuaciones de los criterios 10.1.b + 10.1.c + 10.1.d."
74,"PEREIRA GÓMEZ, Mª DOLORES, ***4746** (UNIVERSIDAD DE SALAMANCA, Q3718001E)","65,5",EL GRANITO DE MARTINAMOR: ESTUDIO PARA LA SALVAGUARDA DE LOS EDIFICIOS HISTÓRICOS EMBLEMÁTICOS DE SALAMANCA Y PROVINCIA A TRAVÉS DE SU RECONOCIMIENTO INTERNACIONAL COMO PIEDRA NATURAL.,Inexistencia de crédito adecuado y suficiente para financiar las obligaciones derivadas de la concesión de las subvenciones en el ejercicio correspondiente.
75,"RODRÍGUEZ GARCÍA, NICOLÁS, ***7040** (UNIVERSIDAD DE SALAMANCA, Q3718001E)","65,5","POLÍTICA CRIMINAL EUROPEA E IBEROAMERICANA SOBRE BLANQUEO, COMISO DE GANANCIAS Y RECUPERACIÓN DE ACTIVOS DERIVADOS DE LA CORRUPCIÓN.",Inexistencia de crédito adecuado y suficiente para financiar las obligaciones derivadas de la concesión de las subvenciones en el ejercicio correspondiente.
76,"BORREGO NIETO, JULIO, ***9420** (UNIVERSIDAD DE SALAMANCA, Q3718001E)","65,5",DISEÑO Y APLICACIÓN DE PRUEBAS PARA LA EVALUACIÓN DEL DOMINIO LINGÜÍSTICO. ETAPAS DE ESO Y BACHILLERATO,Inexistencia de crédito adecuado y suficiente para financiar las obligaciones derivadas de la concesión de las subvenciones en el ejercicio correspondiente.
77,"LÓPEZ FERNÁNDEZ, Mª MERCEDES, ***8104** (UNIVERSIDAD DE LEÓN, Q2432001B)","65,5",EFECTIVIDAD DEL PLASMA ATMOSFÉRICO NO TÉRMICO SOBRE LA INACTIVACIÓN DE MICROORGANISMOS CAUSANTES DE TOXIINFECCIONES ALIMENTARIAS. DISEÑO DE ESTRATEGIAS QUE GARANTICEN LA INOCUIDAD Y LA CALIDAD,Inexistencia de crédito adecuado y suficiente para financiar las obligaciones derivadas de la concesión de las subvenciones en el ejercicio correspondiente.
78,"GÓMEZ FERNÁNDEZ, FERNANDO, ***1771** (UNIVERSIDAD DE LEON, Q2432001B)","65,5","CAPACIDAD DE ALMACENAMIENTO DE CO2 DE LITOFACIES DEL CRETÁCICO SUPERIOR (CUENCA DEL DUERO): POROSIMETRÍA, PERMEABILIDAD, MICROSCOPÍA, INYECCIÓN DE CO2 A ALTA PRESIÓN, ADI Y MODELIZACIÓN NUMÉRICA.",Inexistencia de crédito adecuado y suficiente para financiar las obligaciones derivadas de la concesión de las subvenciones en el ejercicio correspondiente.
79,"GARCÍA HERBOSA, GABRIEL, ***7006** (UNIVERSIDAD DE BURGOS, Q0968272E)","65,5",COMPLEJOS DE METALES DE TRANSICIÓN EN EL DISEÑO DE SISTEMAS FLUOROGÉNICOS PARA LA DETECCIÓN Y DISCRIMINACIÓN DE ESPECIES DE ALTO INTERÉS.,Inexistencia de crédito adecuado y suficiente para financiar las obligaciones derivadas de la concesión de las subvenciones en el ejercicio correspondiente.
80,"FERNÁNDEZ FUERTES, RAQUEL, ***9420** (UNIVERSIDAD DE VALLADOLID, Q4718001C)","65,5",LA LINGÜÍSTICA Y EL ESTUDIO DEL ESPAÑOL Y EL INGLÉS EN CONTEXTOS BILINGÜES: LENGUAS DE HERENCIA Y LENGUAS DE INMIGRACIÓN EN CASTILLA Y LEÓN,Inexistencia de crédito adecuado y suficiente para financiar las obligaciones derivadas de la concesión de las subvenciones en el ejercicio correspondiente.
81,"VEGAS HERNÁNDEZ, JESÚS MARÍA, ***8232** (UNIVERSIDAD DE VALLADOLID, Q4718001C)","65,5",SIVAW: SISTEMA DE VIDA ASISTIDA BASADO EN DISPOSITIVOS WEARABLES,Inexistencia de crédito adecuado y suficiente para financiar las obligaciones derivadas de la concesión de las subvenciones en el ejercicio correspondiente.
82,"CITORES GONZÁLEZ, LUCÍA, ***2742** (UNIVERSIDAD DE VALLADOLID, Q4718001C)","65,5",MECANISMO DE MUERTE CELULAR INDUCIDO POR RIBOTOXINAS Y SUS CONJUGADOS EN CÉLULAS TUMORALES,Inexistencia de crédito adecuado y suficiente para financiar las obligaciones derivadas de la concesión de las subvenciones en el ejercicio correspondiente.
83,"SÁEZ HIDALGO, ANA, ***5590** (UNIVERSIDAD DE VALLADOLID, Q4718001C)","65,5",EXILIO Y DIPLOMACIA: VALLADOLID COMO LUGAR DE ENCUENTRO ENTRE COMUNIDADES EUROPEAS EN LA EDAD MODERNA (ANÁLISIS DOCUMENTAL),Inexistencia de crédito adecuado y suficiente para financiar las obligaciones derivadas de la concesión de las subvenciones en el ejercicio correspondiente.
84,"ÁLVAREZ MARTÍN, JAVIER, ***4182** (UNIVERSIDAD DE VALLADOLID, Q4718001C)","65,5",EFECTO DE ALTERACIONES EN LAS VÍAS DE SEÑALIZACIÓN SENSIBLES A NUTRIENTES SOBRE EL ENVEJECIMIENTO Y LA SEÑALIZACIÓN POR CALCIO A NIVEL CELULAR Y EN EL MODELO DEL NEMATODO C. ELEGANS.,Inexistencia de crédito adecuado y suficiente para financiar las obligaciones derivadas de la concesión de las subvenciones en el ejercicio correspondiente.
85,"GUTIÉRREZ ALONSO, GABRIEL, ***1419** (UNIVERSIDAD DE SALAMANCA, Q3718001E)","65,5",PALEOMAGNETISMO Y GEOCRONOLOGÍA DE LAS ROCAS VOLCÁNICAS PALEOZOICAS DEL NW DE CASTILLA Y LEÓN,"Aptdo. Décimo, punto 2. El proyecto no alcanza la puntuación mínima de 30 puntos como suma de las puntuaciones de los criterios 10.1.b + 10.1.c + 10.1.d."
86,"IGUAL ARROYO, JOSÉ MARIANO, ***1959** (C.S.I.C., Q2818002D)","65,5",ESTUDIO METAGENÓMICO DE LA DIVERSIDAD DE RIZOBACTERIAS EN ÁREAS MINERAS DE CASTILLA Y LEÓN CONTAMINADAS POR ARSÉNICO.,"Aptdo. Décimo, punto 2. El proyecto no alcanza la puntuación mínima de 30 puntos como suma de las puntuaciones de los criterios 10.1.b + 10.1.c + 10.1.d."
87,"SERRANO CAÑADAS, ENRIQUE, ***5034** (UNIVERSIDAD DE VALLADOLID, Q4718001C)","65,3","INTERACCIONES Y DINÁMICA DE LA CRIOSFERA EN LA MONTAÑA CANTÁBRICA: SUELOS HELADOS, NIEVE, ALUDES, CUEVAS HELADAS Y CAMBIO GLOBAL",Inexistencia de crédito adecuado y suficiente para financiar las obligaciones derivadas de la concesión de las subvenciones en el ejercicio correspondiente.
88,"FUENTES GARCÍA, MANUEL, ***7406** (UNIVERSIDAD DE SALAMANCA, Q3718001E)","64,9",IDENTIFICACIÓN DE BIOMARCADORES ÚTILES EN EL PRONÓSTICO Y DIAGNÓSTICO DE INFILTRACIÓN EN LCR DE PACIENTES CON LINFOMA MEDIANTE TÉCNICAS Y MÉTODOS DE NANOPROTEÓMICA DE ALTO RENDIMIENTO,Inexistencia de crédito adecuado y suficiente para financiar las obligaciones derivadas de la concesión de las subvenciones en el ejercicio correspondiente.
89,"MUÑOZ BARROSO, Mª ISABEL, ***5104** (UNIVERSIDAD DE SALAMANCA, Q3718001E)","64,9",BÚSQUEDA DE FACTORES CELULARES PARA EL DESARROLLO DE NUEVAS ESTRATEGIAS ANTIVÍRICAS. EL VIRUS DE LA ENFERMEDAD DE NEWCASTLE COMO MODELO,Inexistencia de crédito adecuado y suficiente para financiar las obligaciones derivadas de la concesión de las subvenciones en el ejercicio correspondiente.
90,"THERÓN SÁNCHEZ, ROBERTO, ***7624** (UNIVERSIDAD DE SALAMANCA, Q3718001E)","64,5",MODELOS DE VISUALIZACIÓN Y REGISTRO DE IMÁGENES TÉCNICAS EN LA INTERACCIÓN ENTRE ARTE Y CIENCIA BIOMÉDICA,Inexistencia de crédito adecuado y suficiente para financiar las obligaciones derivadas de la concesión de las subvenciones en el ejercicio correspondiente.
91,"MARTÍN PEÑA, PEDRO, ***0952** (UNIVERSIDAD DE VALLADOLID, Q4718001C)","64,5",ESTIMACIÓN DEL POTENCIAL ENOLÓGICO DE VIÑEDOS CON DIFERENTE ESTADO HÍDRICO Y NUTRICIONAL A PARTIR DE MEDIDAS DE FLUORESCENCIA CLOROFÍLICA.,Inexistencia de crédito adecuado y suficiente para financiar las obligaciones derivadas de la concesión de las subvenciones en el ejercicio correspondiente.
92,"VICENTE RODRÍGUEZ, MIGUEL ÁNGEL, ***5714** (UNIVERSIDAD DE SALAMANCA, Q3718001E)","64,5",OPTIMIZACIÓN DE ARCILLAS MODIFICADAS USADAS COMO ADSORBENTES Y COMO CATALIZADORES EN PROCESOS DE QUÍMICA VERDE,"Aptdo. Décimo, punto 2. El proyecto no alcanza la puntuación mínima de 30 puntos como suma de las puntuaciones de los criterios 10.1.b + 10.1.c + 10.1.d."
93,"GARCÍA SÁNCHEZ, JESÚS NICASIO, ***0727** (UNIVERSIDAD DE LEÓN, Q2432001B)",64,PROMOCIÓN DEL ENVEJECIMIENTO ACTIVO A TRAVÉS DE HERRAMIENTAS VIRTUALES DE LA WEB 2.0,Inexistencia de crédito adecuado y suficiente para financiar las obligaciones derivadas de la concesión de las subvenciones en el ejercicio correspondiente.
94,"GARCÍA ORTEGA, EDUARDO, ***7992** (UNIVERSIDAD DE LEÓN, Q2432001B)",64,PREDICCIÓN METEOROLÓGICA PROBABILISTA APLICADA A EPISODIOS DE TIEMPO SEVERO EN UN ENTORNO DE SUPERCOMPUTACIÓN Y VERIFICACIÓN CON EL GPM DE LA NASA,Inexistencia de crédito adecuado y suficiente para financiar las obligaciones derivadas de la concesión de las subvenciones en el ejercicio correspondiente.
95,"MARTÍN GARCÍA, ALFREDO ANDRÉS, ***6189** (UNIVERSIDAD DE LEÓN, Q2432001B)",64,RELIGIOSIDAD Y REFORMA CATÓLICA EN LAS DIÓCESIS DE LEÓN Y ASTORGA DURANTE EL ANTIGUO RÉGIMEN,Inexistencia de crédito adecuado y suficiente para financiar las obligaciones derivadas de la concesión de las subvenciones en el ejercicio correspondiente.
96,"PALMERO CÁMARA, MARÍA DEL CARMEN, ***0706** (UNIVERSIDAD DE BURGOS, Q0968272E)",64,"IMPACTO DE LA EDUCACIÓN SECUNDARIA, PROFESIONAL Y SUPERIOR EN LA CREACIÓN DE EMPRESAS: CoMPetenCIas e InnoVaCIones CurrICuLares Para FaVoreCer eL eMPrenDIMIento en CastILLa Y LeÓn",Inexistencia de crédito adecuado y suficiente para financiar las obligaciones derivadas de la concesión de las subvenciones en el ejercicio correspondiente.
97,"ÁLVAREZ AYUSO, ESTHER, ***5626** (C.S.I.C., Q2818002D)",64,ESTUDIO DE LA CONTAMINACIÓN AMBIENTAL POR ARSÉNICO EN EL ENTORNO DE LA PRINCIPAL EXPLOTACIÓN MINERA DE VOLFRAMIO EN CASTILLA Y LEÓN: RIESGOS ACTUALES Y POTENCIALES,Inexistencia de crédito adecuado y suficiente para financiar las obligaciones derivadas de la concesión de las subvenciones en el ejercicio correspondiente.
98,"DURÁN BARROSO, RAMÓN JOSÉ, ***1735** (UNIVERSIDAD DE VALLADOLID, Q4718001C)",64,OPTIMIZACIÓN Y CONTROL DE REDES ÓPTICAS ELÁSTICAS DEFINIDAS POR SOFTWARE (OCRES),Inexistencia de crédito adecuado y suficiente para financiar las obligaciones derivadas de la concesión de las subvenciones en el ejercicio correspondiente.
99,"GAYOSO RODRÍGUEZ, MANUEL JOSÉ, ***3745** (UNIVERSIDAD DE VALLADOLID, Q4718001C)","63,5",ELABORACIÓN Y VALORACIÓN DE PRÓTESIS IMPLANTABLES PARA LA REPARACIÓN DE LESIONES EN LOS NERVIOS UTILIZANDO SEGMENTOS ACELULARES DE NERVIO ALOGÉNICO,Inexistencia de crédito adecuado y suficiente para financiar las obligaciones derivadas de la concesión de las subvenciones en el ejercicio correspondiente.
100,"MARTÍN RODRÍGUEZ, MARÍA CRISTINA, ***7670** (UNIVERSIDAD DE SALAMANCA, Q3718001E)",63,NUCLEOS DE FERRITINA RECUBIERTOS DE SÍLICE O ALÚMINA MESOPOROSA COMO MATRICES DE LIBERACIÓN CONTROLADA,Inexistencia de crédito adecuado y suficiente para financiar las obligaciones derivadas de la concesión de las subvenciones en el ejercicio correspondiente.
101,"RODRÍGUEZ VÁZQUEZ ALDANA, JAVIER, ***6479** (UNIVERSIDAD DE SALAMANCA, Q3718001E)",63,PROCESADO 3D DE MATERIALES CON PULSOS LÁSER ULTRACORTOS: OPTIMIZACIÓN Y APLICACIONES,Inexistencia de crédito adecuado y suficiente para financiar las obligaciones derivadas de la concesión de las subvenciones en el ejercicio correspondiente.
102,"GALLEGO ÁLVAREZ, ISABEL, ***3002** (UNIVERSIDAD DE SALAMANCA, Q3718001E)",63,INFORMACIÓN MEDIOAMBIENTAL SUMINISTRADA POR ENTES PÚBLICOS Y PRIVADOS: ESPECIAL REFERENCIA AL TRATAMIENTO CONTABLE Y FISCAL DE LA EMISIÓN DE GASES EFECTO INVERNADERO,Inexistencia de crédito adecuado y suficiente para financiar las obligaciones derivadas de la concesión de las subvenciones en el ejercicio correspondiente.
103,"MARTÍN SÁNCHEZ, VICENTE, ***8225** (UNIVERSIDAD DE LEÓN, Q2432001B)",63,EXPRESIÓN DE EZH2 Y SUPERVIVENCIA EN CÁNCER COLORRECTAL.,Inexistencia de crédito adecuado y suficiente para financiar las obligaciones derivadas de la concesión de las subvenciones en el ejercicio correspondiente.
104,"DÍAZ Y GARCÍA CONLLEDO, MIGUEL, ***8299** (UNIVERSIDAD DE LEÓN, Q2432001B)",63,"LOS MENORES ANTE EL DERECHO PENAL: ESPECIAL ATENCIÓN AL MENOR COMO VÍCTIMA EN EL MARCO DE LAS GARANTÍAS PENALES, CON ESPECIAL REFERENCIA A CASTILLA Y LEÓN",Inexistencia de crédito adecuado y suficiente para financiar las obligaciones derivadas de la concesión de las subvenciones en el ejercicio correspondiente.
105,"SANZ DIEZ, MARÍA TERESA, ***5154** (UNIVERSIDAD DE BURGOS, Q0968272E)",63,INACTIVACIÓN ENZIMÁTICA MEDIANTE TECNOLOGÍA HPCD (HIGH PRESSURE CARBON DIOXIDE): APLICACIONES EN LA INDUSTRIA ALIMENTARIA,Inexistencia de crédito adecuado y suficiente para financiar las obligaciones derivadas de la concesión de las subvenciones en el ejercicio correspondiente.
106,"TURRIÓN NIEVES, MARÍA BELÉN, ***5140** (UNIVERSIDAD DE VALLADOLID, Q4718001C)",63,APLICACIÓN DE CENIZAS DE BIOMASA Y BIOCHAR DE RESTOS DE PODA PARA LA MEJORA DE SUELOS,Inexistencia de crédito adecuado y suficiente para financiar las obligaciones derivadas de la concesión de las subvenciones en el ejercicio correspondiente.
107,"GONZÁLEZ IGLESIAS, JUAN ANTONIO, ***5290** (UNIVERSIDAD DE SALAMANCA, Q3718001E)",63,TÓPICOS Y MITOS DE LA FELICIDAD: DE LA CULTURA CLÁSICA A LAS LITERATURAS EN CASTELLANO,"Aptdo. Décimo, punto 2. El proyecto no alcanza la puntuación mínima de 30 puntos como suma de las puntuaciones de los criterios 10.1.b + 10.1.c + 10.1.d."
108,"DOPICO RIVELA, BERTA MARÍA, ***5589** (UNIVERSIDAD DE SALAMANCA, Q3718001E)",63,FUNCIÓN DE LA FAMILIA DE PROTEÍNAS ST EN EL DESARROLLO DE LEGUMINOSAS,"Aptdo. Décimo, punto 2. El proyecto no alcanza la puntuación mínima de 30 puntos como suma de las puntuaciones de los criterios 10.1.b + 10.1.c + 10.1.d."
109,"MATEOS CACHORRO, ANA, ***7667** (CONSORCIO DEL CENIEH, S0900008D)","62,5",ÁREAS PREMONTANAS DEL NORTE DE LA MESETA: UN REFUGIO PARA LAS POBLACIONES HUMANAS PALEOLÍTICAS,Inexistencia de crédito adecuado y suficiente para financiar las obligaciones derivadas de la concesión de las subvenciones en el ejercicio correspondiente.
110,"BUJOSA VADELL, LORENZO- MATEO, ***1209** (UNIVERSIDAD DE SALAMANCA, Q3718001E)","62,5",LA APLICACIÓN DE NUEVAS TECNOLOGÍAS A LA INVESTIGACIÓN Y ENJUICIAMIENTO DE LOS PROCESOS MEDIOAMBIENTALES EN CASTILLA Y LEÓN: ENFOQUE INTERDISCIPLINAR,Inexistencia de crédito adecuado y suficiente para financiar las obligaciones derivadas de la concesión de las subvenciones en el ejercicio correspondiente.
111,"APARICIO VAQUERO, JUAN PABLO, ***8804** (UNIVERSIDAD DE SALAMANCA, Q3718001E)","62,5",LA PROTECCIÓN JURÍDICA DE LOS DERECHOS DE LA PERSONA COMO USUARIA DE INTERNET,Inexistencia de crédito adecuado y suficiente para financiar las obligaciones derivadas de la concesión de las subvenciones en el ejercicio correspondiente.
112,"MORENO MÍNGUEZ, ALMUDENA, ***5641** (UNIVERSIDAD DE VALLADOLID, Q4718001C)","62,5",EL EMPLEO FEMENINO EN CASTILLA Y LEÓN COMO FACTOR DE CALIDAD DE VIDA Y COHESIÓN SOCIAL. ANÁLISIS COMPARADO DE LOS FACTORES DETERMINANTES EN UN CONTEXTO DE CRISIS,Inexistencia de crédito adecuado y suficiente para financiar las obligaciones derivadas de la concesión de las subvenciones en el ejercicio correspondiente.
113,"DE LA ROSA CUBO, Mª CRISTINA, ***7292** (UNIVERSIDAD DE VALLADOLID, Q4718001C)","62,5","REDES FEMENINAS: REPRESENTACIÓN, SOCIEDAD Y PODER DE LA ANTIGÜEDAD AL S.XXI. DE CASTILLA A EUROPA",Inexistencia de crédito adecuado y suficiente para financiar las obligaciones derivadas de la concesión de las subvenciones en el ejercicio correspondiente.
114,"FALERO FOLGOSO, ALFONSO, ***7748** (UNIVERSIDAD DE SALAMANCA, Q3718001E)","62,4",PENSAMIENTO Y RELIGIÓN EN EL JAPÓN CONTEMPORÁNEO: ENFOQUE TRANSDISCIPLINAR,"Aptdo. Décimo, punto 2. El proyecto no alcanza la puntuación mínima de 30 puntos como suma de las puntuaciones de los criterios 10.1.b + 10.1.c + 10.1.d."
115,"SÁNCHEZ GARCÍA, JOSÉ CARLOS, ***1800** (UNIVERSIDAD DE SALAMANCA, Q3718001E)","62,2",CAPTATUR: CAPTACIÓN Y DESARROLLO DEL TALENTO EMPRENDEDOR PARA EL AUTOEMPLEO EN EL SECTOR TURÍSTICO,Inexistencia de crédito adecuado y suficiente para financiar las obligaciones derivadas de la concesión de las subvenciones en el ejercicio correspondiente.
116,"CARBONELL CORTÉS, OVIDI, ***4721** (UNIVERSIDAD DE SALAMANCA, Q3718001E)",62,KANJI-MATRIX SISTEMATIZACIÓN ONTOLÓGICA DE LOS IDEOGRAMAS JAPONESES (KANJIS) SEGÚN PRINCIPIOS ETIMOLÓGICOS Y FONÉTICOS Y DESARROLLO DE UNA APLICACIÓN INFORMÁTICA PARA SU ENSEÑANZA Y APRENDIZAJE,Inexistencia de crédito adecuado y suficiente para financiar las obligaciones derivadas de la concesión de las subvenciones en el ejercicio correspondiente.
117,"MARTÍN DEL REY, ÁNGEL MARÍA, ***5320** (UNIVERSIDAD DE SALAMANCA, Q3718001E)",62,ALGORITMOS Y MODELOS MATEMÁTICOS PARA PROTEGER LA INFORMACIÓN SOBRE DISPOSITIVOS MÓVILES,Inexistencia de crédito adecuado y suficiente para financiar las obligaciones derivadas de la concesión de las subvenciones en el ejercicio correspondiente.
118,"GUERRA SÁNCHEZ, MARCOS, ***8857** (UNIVERSIDAD DE LEÓN, Q2432001B)",62,FRUTICULTURA DE PRECISIÓN PARA MANZANA REINETA D.O. Y PERA CONFERENCIA M.G.: ZONIFICACIÓN A PARTIR DE VARIABLES DE CALIDAD EN COSECHA Y POSTCOSECHA,Inexistencia de crédito adecuado y suficiente para financiar las obligaciones derivadas de la concesión de las subvenciones en el ejercicio correspondiente.
119,"QUINTANA LÓPEZ, TOMÁS ALBERTO, ***1715** (UNIVERSIDAD DE LEÓN, Q2432001B)",62,SOSTENIBILIDAD AMBIENTAL DEL ENTORNO URBANO EN CASTILLA Y LEÓN: PROMOCIÓN Y REGENERACIÓN DEL PATRIMONIO NATURAL Y CULTURAL.,Inexistencia de crédito adecuado y suficiente para financiar las obligaciones derivadas de la concesión de las subvenciones en el ejercicio correspondiente.
120,"BORREGUERO BELTRÁN, Mª CRISTINA PETRA, ***1094** (UNIVERSIDAD DE BURGOS, Q0968272E)",62,FUENTES MANUSCRITAS DE LA CASA DE ALTAMIRA PARA LA HISTORIA DEL REINADO DE FELIPE II. BASE DE DATOS Y DIGITALIZACIÓN.,Inexistencia de crédito adecuado y suficiente para financiar las obligaciones derivadas de la concesión de las subvenciones en el ejercicio correspondiente.
121,"PANIAGUA PÉREZ, JESÚS, ***9534** (UNIVERSIDAD DE LEON, Q2432001B)",62,LA TRADICIÓN CLÁSICA Y HUMANÍSTICA EN ESPAÑA E HISPANOAMÉRICA. SIGLOS XVI-XVIII. ESTUDIOS Y EDICIONES,"Aptdo. Décimo, punto 2. El proyecto no alcanza la puntuación mínima de 30 puntos como suma de las puntuaciones de los criterios 10.1.b + 10.1.c + 10.1.d."
122,"GARCÍA CUBERO, MARÍA TERESA, ***2952** (UNIVERSIDAD DE VALLADOLID, Q4718001C)","61,7",VALORIZACIÓN DE RESIDUOS DE LA INDUSTRIA AGROALIMENTARIA MEDIANTE SU BIOCONVERSIÓN A BUTANOL,Inexistencia de crédito adecuado y suficiente para financiar las obligaciones derivadas de la concesión de las subvenciones en el ejercicio correspondiente.
123,"FERNÁNDEZ SANTOS, MARÍA BELÉN, ***2655** (UNIVERSIDAD DE SALAMANCA, Q3718001E)","61,5",REFORESTACIÓN CON ESPECIES DE QUERCUS DE ZONAS CON ESTRÉS HÍDRICO EN CASTILLA Y LEÓN: PAPEL DE LOS MATORRALES DE LEGUMINOSAS E IMPORTANCIA DE LA VARIABILIDAD INTRAPOBLACIONAL DE LAS QUERCÍNEAS.,Inexistencia de crédito adecuado y suficiente para financiar las obligaciones derivadas de la concesión de las subvenciones en el ejercicio correspondiente.
124,"GONZÁLEZ SÁNCHEZ, JOSÉ LUÍS, ***8116** (UNIVERSIDAD DE VALLADOLID, Q4718001C)","61,5",MANIPULADOR HIPER-REDUNDANTE PARA OPERACIÓN EN ENTORNOS DE DIFÍCIL ACCESO,Inexistencia de crédito adecuado y suficiente para financiar las obligaciones derivadas de la concesión de las subvenciones en el ejercicio correspondiente.
125,"ÁLVAREZ VALERO, ANTONIO MIGUEL, ***9067** (UNIVERSIDAD DE SALAMANCA, Q3718001E)","61,5",PODER DE ERUPCIÓN DE VOLCANES ÁCIDOS: IMPLICACIONES DE LA TASA DE TRANSFERENCIA DE FUNDIDO A TRAVÉS DE EXPERIMENTACIÓN PETROLÓGICA,"Aptdo. Décimo, punto 2. El proyecto no alcanza la puntuación mínima de 30 puntos como suma de las puntuaciones de los criterios 10.1.b + 10.1.c + 10.1.d."
126,"SAN JOSÉ LERA, JAVIER FRANCISCO, ***5185** (UNIVERSIDAD DE SALAMANCA, Q3718001E)","61,5",LUCAS FERNÁNDEZ 1514-2014. RECUPERACIÓN DIGITAL DEL PATRIMONIO CASTELLANO Y LEONÉS EN LOS ORÍGENES DEL TEATRO ESPAÑOL,"Aptdo. Décimo, punto 2. El proyecto no alcanza la puntuación mínima de 30 puntos como suma de las puntuaciones de los criterios 10.1.b + 10.1.c + 10.1.d."
127,"SALTO ALEMANY, FRANCISCO, ***4938** (UNIVERSIDAD DE LEÓN, Q2432001B)","61,5",LAS BASES NEURALES DE LA DEDUCCIÓN LÓGICA. ESTUDIO ELÉCTRICO CEREBRAL DE LA INFERENCIA DEDUCTIVA Y SU EVOLUCIÓN CON LA EDAD.,"Aptdo. Décimo, punto 2. El proyecto no alcanza la puntuación mínima de 30 puntos como suma de las puntuaciones de los criterios 10.1.b + 10.1.c + 10.1.d."
128,"LOBATO LÓPEZ, MARÍA LUISA, ***1894** (UNIVERSIDAD DE BURGOS, Q0968272E)","61,5","LA REPRESENTACIÓN DE GRUPOS SOCIALES MARGINALES EN LA LITERATURA, ARTE Y MÚSICA DE LA CORONA DE CASTILLA (SIGLOS XVI-XVII)","Aptdo. Décimo, punto 2. El proyecto no alcanza la puntuación mínima de 30 puntos como suma de las puntuaciones de los criterios 10.1.b + 10.1.c + 10.1.d."
129,"PÉREZ DE LA VEGA, MARCELINO, ***7610** (UNIVERSIDAD DE LEÓN, Q2432001B)",61,IDENTIFICACIÓN DE GENES DE RESPUESTA A PATÓGENOS EN LENTEJA (LENS CULINARIS MEDIK).,Inexistencia de crédito adecuado y suficiente para financiar las obligaciones derivadas de la concesión de las subvenciones en el ejercicio correspondiente.
130,"DÍEZ GARCÍA, HELENA, ***6510** (UNIVERSIDAD DE LEON, Q2432001B)",61,LA REVISIÓN DE LAS NORMAS DE PROTECCIÓN DEL CONSUMIDOR COMO TURISTA EN LA ERA DIGITAL,Inexistencia de crédito adecuado y suficiente para financiar las obligaciones derivadas de la concesión de las subvenciones en el ejercicio correspondiente.
131,"GONZÁLEZ FRAILE, EDUARDO MIGUEL, ***0448** (UNIVERSIDAD DE VALLADOLID, Q4718001C)",61,"INNOVACIÓN Y DISEÑO EN LA ARQUITECTURA MONUMENTAL CIERRE, SEGURIDAD Y PREVENCIÓN EN ESPACIOS DE ACCESO DE ARQUITECTURAS SINGULARES, RELIGIOSAS Y CIVILES.",Inexistencia de crédito adecuado y suficiente para financiar las obligaciones derivadas de la concesión de las subvenciones en el ejercicio correspondiente.
132,"MUÑIZ ESPADA, MARÍA ESTHER, ***9985** (UNIVERSIDAD DE VALLADOLID, Q4718001C)",61,TRANSFORMANDO LA POLÍTICA AGROALIMENTARIA: DE LA EFICIENCIA ECONÓMICA A LA MEJOR PROTECCIÓN DEL CONSUMIDOR Y DEL MEDIO AMBIENTE,Inexistencia de crédito adecuado y suficiente para financiar las obligaciones derivadas de la concesión de las subvenciones en el ejercicio correspondiente.
133,"VILLAR LEDESMA, ENRIQUE, ***9087** (UNIVERSIDAD DE SALAMANCA, Q3718001E)",61,MECANISMOS MOLECULARES DE LA CAPACIDAD CITOPÁTICA EN CÉLULAS TUMORALES DE UN VIRUS NDV RECOMBINANTE QUE EXPRESA UNA PROTEÍNA DE MUERTE CELULAR,"Aptdo. Décimo, punto 2. El proyecto no alcanza la puntuación mínima de 30 puntos como suma de las puntuaciones de los criterios 10.1.b + 10.1.c + 10.1.d."
134,"HERNÁNDEZ GÓMEZ, PABLO, ***0962** (UNIVERSIDAD DE VALLADOLID, Q4718001C)",61,CONSTRUCCIÓN DE SISTEMAS DE MEDIDA DE BANDA ANCHA DE PROPIEDADES MAGNÉTICAS TRANSVERSALES,"Aptdo. Décimo, punto 2. El proyecto no alcanza la puntuación mínima de 30 puntos como suma de las puntuaciones de los criterios 10.1.b + 10.1.c + 10.1.d."
135,"LAGUNA DE PAZ, JOSÉ CARLOS, ***7417** (UNIVERSIDAD DE VALLADOLID, Q4718001C)",61,"SERVICIOS DE INTERÉS GENERAL: BASES PARA SU ADECUADA REGULACIÓN, ORGANIZACIÓN Y PRESTACIÓN","Aptdo. Décimo, punto 2. El proyecto no alcanza la puntuación mínima de 30 puntos como suma de las puntuaciones de los criterios 10.1.b + 10.1.c + 10.1.d."
136,"GARCÍA-ROSTÁN PÉREZ, GINESA MARÍA, ***7112** (UNIVERSIDAD DE VALLADOLID, Q4718001C)","60,5","HETEROGENEIDAD INTRATUMORAL BRAFV600E EN CARCINOMAS DIFERENCIADOS TIROIDES DE CURSO CLÍNICO AGRESIVO, METASTÁSICOS, RESISTENTES A I131. IMPLICACIONES EN RESPUESTA/RESISTENCIA A TRATAMIENTO CON ITKS",Inexistencia de crédito adecuado y suficiente para financiar las obligaciones derivadas de la concesión de las subvenciones en el ejercicio correspondiente.
137,"PÉREZ IBÁÑEZ, MARÍA JESÚS, ***9149** (UNIVERSIDAD DE VALLADOLID, Q4718001C)","60,5",LA TRADICIÓN LITERARIA DEL EPIGRAMA CLÁSICO EN ESPAÑA. UN ANÁLISIS DESDE LA MULTIDISCIPLINARIEDAD A TRAVÉS DE LAS NUEVAS TECNOLOGÍAS DE LA INFORMACIÓN Y LA COMUNICACIÓN,"Aptdo. Décimo, punto 2. El proyecto no alcanza la puntuación mínima de 30 puntos como suma de las puntuaciones de los criterios 10.1.b + 10.1.c + 10.1.d."
138,"GONZÁLEZ MARTÍN, MARÍA INMACULADA, ***8383** (UNIVERSIDAD DE SALAMANCA, Q3718001E)","60,1",PUESTA A PUNTO DE MÉTODOS RÁPIDOS EN LA CARACTERIZACIÓN DE PROPOLEOS EN CASTILLA Y LEÓN,"Aptdo. Décimo, punto 2. El proyecto no alcanza la puntuación mínima de 30 puntos como suma de las puntuaciones de los criterios 10.1.b + 10.1.c + 10.1.d."
139,"HERNÁNDEZ MARTÍN, AZUCENA, ***6273** (UNIVERSIDAD DE SALAMANCA, Q3718001E)",60,LAS METODOLOGÍAS DE APRENDIZAJE COLABORATIVO EN LAS UNIVERSIDADES PÚBLICAS DE CASTILLA Y LEÓN,Inexistencia de crédito adecuado y suficiente para financiar las obligaciones derivadas de la concesión de las subvenciones en el ejercicio correspondiente.
140,"RODRÍGUEZ OLIVERA, ELÍAS, ***2175** (UNIVERSIDAD DE LEON, Q2432001B)",60,APLICACIONES BIOTECNOLÓGICAS DEL SISTEMA CATABÓLICO DE COMPUESTOS ESTEROIDEOS DE LA CEPA PSEUDOMONAS PUTIDA DOC21,Inexistencia de crédito adecuado y suficiente para financiar las obligaciones derivadas de la concesión de las subvenciones en el ejercicio correspondiente.
141,"MARTÍN HERRANZ, RAÚL, ***4791** (UNIVERSIDAD DE VALLADOLID, Q4718001C)",60,DESARROLLO DE UN NOMOGRAMA PARA ADAPTAR LENTES DE CONTACTO EN PACIENTES CON QUERATOCONO A PARTIR DE LA TOPOGRAFÍA CORNEAL,Inexistencia de crédito adecuado y suficiente para financiar las obligaciones derivadas de la concesión de las subvenciones en el ejercicio correspondiente.
142,"GUERRA VELASCO, JUAN CARLOS, ***9875** (UNIVERSIDAD DE VALLADOLID, Q4718001C)",60,PAISAJES FORESTALES Y PATRIMONIO TERRITORIAL: VALORES CULTURALES DEL PAISAJE PARA LA CONSERVACIÓN Y EL DESARROLLO RURAL EN CASTILLA Y LEÓN,Inexistencia de crédito adecuado y suficiente para financiar las obligaciones derivadas de la concesión de las subvenciones en el ejercicio correspondiente.
143,"PATEA BIRK, VIORICA ELEONORA, ***7938** (UNIVERSIDAD DE SALAMANCA, Q3718001E)",60,POÉTICAS PARALELAS: LA HUELLA DE LAS VANGUARDIAS NORTEAMERICANAS EN LA POESÍA ESPAÑOLA,"Aptdo. Décimo, punto 2. El proyecto no alcanza la puntuación mínima de 30 puntos como suma de las puntuaciones de los criterios 10.1.b + 10.1.c + 10.1.d."
144,"BLANCO RODRÍGUEZ, JUAN ANDRÉS, ***0104** (UNIVERSIDAD DE SALAMANCA, Q3718001E)",60,"CASTELLANOS Y LEONESES EN EL EXTERIOR: LIDERAZGO, GOBERNANZA Y ESPACIOS DE SOCIABILIDAD DEL ASOCIACIONISMO EN AMÉRICA","Aptdo. Décimo, punto 2. El proyecto no alcanza la puntuación mínima de 30 puntos como suma de las puntuaciones de los criterios 10.1.b + 10.1.c + 10.1.d."
145,"MORENO LÁZARO, JAVIER, ***4010** (UNIVERSIDAD DE VALLADOLID, Q4718001C)",60,"MINORÍAS CASTELLANAS Y LEONESAS Y SU ÉXITO EMPRESARIAL EN AMÉRICA LATINA, 1820-2014","Aptdo. Décimo, punto 2. El proyecto no alcanza la puntuación mínima de 30 puntos como suma de las puntuaciones de los criterios 10.1.b + 10.1.c + 10.1.d."
146,"ROMÁN SÁNCHEZ, JOSÉ MARÍA, ***8066** (UNIVERSIDAD DE VALLADOLID, Q4718001C)",60,PROMOCIÓN DE LA EFICACIA DOCENTE Y DEL BIENESTAR DEL PROFESORADO DE EDUCACIÓN PRIMARIA,"Aptdo. Décimo, punto 2. El proyecto no alcanza la puntuación mínima de 30 puntos como suma de las puntuaciones de los criterios 10.1.b + 10.1.c + 10.1.d."
147,"MARTÍNEZ PASTOR, FELIPE, ***7684** (UNIVERSIDAD DE LEÓN, Q2432001B)","59,75","ESTRUCTURA Y DINÁMICA DEL NÚCLEO ESPERMÁTICO EN TORO, CERDO Y HUMANO: aDaPtaCIÓn, VaLIDaCIÓn Y utILIZaCIÓn PrÁCtICa De téCnICas BasaDas en CItoMetrÍa De FLuJo",Inexistencia de crédito adecuado y suficiente para financiar las obligaciones derivadas de la concesión de las subvenciones en el ejercicio correspondiente.
148,"CASTRO GONZÁLEZ, MARÍA ÁNGELES, ***4815** (UNIVERSIDAD DE SALAMANCA, Q3718001E)","59,5",NUEVOS HÍBRIDOS DE CICLOLIGNANOS ANTITUMORALES. INCORPORACIÓN A NANOPARTÍCULAS MAGNÉTICAS Y DE ORO,Inexistencia de crédito adecuado y suficiente para financiar las obligaciones derivadas de la concesión de las subvenciones en el ejercicio correspondiente.
149,"ALONSO GONZÁLEZ, CARLOS JAVIER, ***6506** (UNIVERSIDAD DE VALLADOLID, Q4718001C)","59,5",MÉTODOS DE ESTIMACIÓN DE DISPONIBILIDAD DE EGNOS PARA EL TRANSPORTE AÉREO.,Inexistencia de crédito adecuado y suficiente para financiar las obligaciones derivadas de la concesión de las subvenciones en el ejercicio correspondiente.
150,"LÓPEZ GARCÍA, SANTIAGO MANUEL, ***3935** (UNIVERSIDAD DE SALAMANCA, Q3718001E)","59,5",EL EMPLEO RURAL NO-AGRARIO EN CASTILLA Y LEÓN: ANÁLISIS DE LOS SECTORES DE AGROALIMENTACIÓN Y BIOTECNOLOGÍA,"Aptdo. Décimo, punto 2. El proyecto no alcanza la puntuación mínima de 30 puntos como suma de las puntuaciones de los criterios 10.1.b + 10.1.c + 10.1.d."
151,"LÓPEZ GARCÍA, Mª DOLORES ESTILITA, ***1383** (UNIVERSIDAD DE SALAMANCA, Q3718001E)","59,5",SUSTRATO MOLECULAR IMPLICADO EN EL DESENCADENAMIENTO DE LAS CRISIS EPILÉPTICAS EN LOS GASH:SAL,"Aptdo. Décimo, punto 2. El proyecto no alcanza la puntuación mínima de 30 puntos como suma de las puntuaciones de los criterios 10.1.b + 10.1.c + 10.1.d."
152,"SÁNCHEZ COLLADO, Mª PILAR, ***0296** (UNIVERSIDAD DE LEÓN, Q2432001B)","59,5","DESARROLLO Y VALIDACIÓN DE UNA APLICACIÓN PARA SMARTPHONES QUE EVALÚA, CUANTIFICA Y MEJORA LOS NIVELES DE ACTIVIDAD FÍSICA DE JÓVENES","Aptdo. Décimo, punto 2. El proyecto no alcanza la puntuación mínima de 30 puntos como suma de las puntuaciones de los criterios 10.1.b + 10.1.c + 10.1.d."
153,"ROCHER MARTÍN, Mª ASUNCIÓN, ***6212** (UNIVERSIDAD DE VALLADOLID, Q4718001C)","59,5",METABOLISMO DE LA ARGININA Y BIODISPONIBILIDAD DE ÓXIDO NITRICO EN LA APNEA OBSTRUCTIVA DEL SUEÑO: IMPLICACIONES EN LAS ALTERACIONES CARDIOVASCULARES Y POTENCIAL TERAPÉUTICO.,"Aptdo. Décimo, punto 2. El proyecto no alcanza la puntuación mínima de 30 puntos como suma de las puntuaciones de los criterios 10.1.b + 10.1.c + 10.1.d."
154,"MARTÍN MARTÍNEZ, MARÍA JESÚS, ***7800** (UNIVERSIDAD DE SALAMANCA, Q3718001E)",59,MODELADO MONTE CARLO Y CARACTERIZACIÓN DE LA DINÁMICA DE PORTADORES EN GRAFENO PARA APLICACIONES NANOELECTRÓNICAS EN EL RANGO DE THZ,Inexistencia de crédito adecuado y suficiente para financiar las obligaciones derivadas de la concesión de las subvenciones en el ejercicio correspondiente.
155,"IZQUIERDO FUENTE, ALBERTO, ***8827** (UNIVERSIDAD DE VALLADOLID, Q4718001C)",59,CLASIFICACIÓN BIOMÉTRICA BASADA EN SISTEMAS DE COMPUTACIÓN DE ALTAS PRESTACIONES Y ARRAYS ACÚSTICOS DE EXPLORACIÓN ELECTRÓNICA,Inexistencia de crédito adecuado y suficiente para financiar las obligaciones derivadas de la concesión de las subvenciones en el ejercicio correspondiente.
156,"KUNZE, KERSTIN ELENA, ****6425* (UNIVERSIDAD DE SALAMANCA, Q3718001E)",59,COMPROBANDO NUEVA FÍSICA CON OBSERVACIONES DEL FONDO CÓSMICO DE MICROONDAS,"Aptdo. Décimo, punto 2. El proyecto no alcanza la puntuación mínima de 30 puntos como suma de las puntuaciones de los criterios 10.1.b + 10.1.c + 10.1.d."
157,"BENITO CALVO, ALFONSO, ***2614** (CONSORCIO DEL CENIEH, S0900008D)","58,5","LA TRANSICIÓN ENDORREICO- EXORREICO EN LA DEPRESIÓN DEL DUERO: GEOMORFOLOGÍA Y CRONOLOGÍA MEDIANTE NÚCLIDOS COSMOGÉNICOS Y ESR, DE LOS NIVELES ALUVIALES DE PIEDEMONTE (RAÑAS) Y LAS TERRAZAS FLUVIALES",Inexistencia de crédito adecuado y suficiente para financiar las obligaciones derivadas de la concesión de las subvenciones en el ejercicio correspondiente.
158,"OTERO CABERO, MARTA, ***9801** (UNIVERSIDAD DE LEÓN, Q2432001B)","58,5",DEPURACIÓN DE AGUAS RESIDUALES RURALES MEDIANTE MICROALGAS: ELIMINACIÓN DE NUTRIENTES Y CONTAMINANTES EMERGENTES,Inexistencia de crédito adecuado y suficiente para financiar las obligaciones derivadas de la concesión de las subvenciones en el ejercicio correspondiente.
159,"BARREIRO GARCÍA, JOAQUÍN, ***7041** (UNIVERSIDAD DE LEÓN, Q2432001B)","58,5",DISMINUCIÓN DEL IMPACTO MEDIOAMBIENTAL EN MECANIZADO POR MICROPULVERIZACIÓN CRIOGÉNICA Y SU MONITORIZACIÓN MEDIANTE VISIÓN POR COMPUTADOR Y FUSIÓN DE SEÑALES.,Inexistencia de crédito adecuado y suficiente para financiar las obligaciones derivadas de la concesión de las subvenciones en el ejercicio correspondiente.
160,"RODRÍGUEZ NOGALES, JOSÉ MANUEL, ***4749** (UNIVERSIDAD DE VALLADOLID, Q4718001C)","58,5",APLICACIÓN DE BETA-GLUCANASAS Y DERIVADOS DE LEVADURAS COMO HERRAMIENTAS BIOTECNOLÓGICAS PARA LA MEJORA DE LA CALIDAD DE VINOS ESPUMOSOS,Inexistencia de crédito adecuado y suficiente para financiar las obligaciones derivadas de la concesión de las subvenciones en el ejercicio correspondiente.
161,"ÁLVAREZ FERNÁNDEZ, JESÚS MIGUEL, ***8467** (UNIVERSIDAD DE LEÓN, Q2432001B)","58,5","MATERIAL LIGNOCELULÓSICO DE MAÍZ: MODIFICACIÓN, CARACTERIZACIÓN Y APLICACIONES BIOTECNOLÓGICAS","Aptdo. Décimo, punto 2. El proyecto no alcanza la puntuación mínima de 30 puntos como suma de las puntuaciones de los criterios 10.1.b + 10.1.c + 10.1.d."
162,"MARTÍNEZ PÉREZ, ENRIQUE, ***0107** (UNIVERSIDAD DE VALLADOLID, Q4718001C)","58,2",LOS CONDICIONAMIENTOS JURÍDICOS PARA EL DESARROLLO DE ENERGÍAS RENOVABLES EN CASTILLA Y LEÓN,Inexistencia de crédito adecuado y suficiente para financiar las obligaciones derivadas de la concesión de las subvenciones en el ejercicio correspondiente.
163,"SÁNCHEZ GÓMEZ, Mª CRUZ, ***3752** (UNIVERSIDAD DE SALAMANCA, Q3718001E)",58,"NAVEGACIÓN SEGURA, PRIVACIDAD, RIESGOS EN LA RED: un ProGraMa eDuCatIVo Para La aDQuIsICIÓn De CoMPetenCIas DIGItaLes en aLuMnos De seCunDarIa.",Inexistencia de crédito adecuado y suficiente para financiar las obligaciones derivadas de la concesión de las subvenciones en el ejercicio correspondiente.
164,"JIMÉNEZ GARCÍA, ALBERTO, ***7722** (UNIVERSIDAD DE SALAMANCA, Q3718001E)",58,INGENIERÍA METABÓLICA PARA LA PRODUCCIÓN DE LÍPIDOS EN A. GOSSYPII A PARTIR DE EFLUENTES LIGNOCELULÓSICOS DE LA INDUSTRIA DEL BIOETANOL.,"Aptdo. Décimo, punto 2. El proyecto no alcanza la puntuación mínima de 30 puntos como suma de las puntuaciones de los criterios 10.1.b + 10.1.c + 10.1.d."
165,"CASTRO RODRÍGUEZ, SIXTO JOSÉ, ***8217** (UNIVERSIDAD DE VALLADOLID, Q4718001C)",58,NATURALEZA HUMANA Y ANTROPOLOGÍA DE LA DEPENDENCIA,"Aptdo. Décimo, punto 2. El proyecto no alcanza la puntuación mínima de 30 puntos como suma de las puntuaciones de los criterios 10.1.b + 10.1.c + 10.1.d."
166,"CORDÓN GARCÍA, JOSÉ ANTONIO, ***5686** (UNIVERSIDAD DE SALAMANCA, Q3718001E)","57,9",ESTABLECIMIENTO DE UN SISTEMA DE INDICADORES PARA LA EVALUACIÓN DE LAS EDITORIALES CIENTÍFICAS Y LAS MONOGRAFÍAS IMPRESAS Y ELECTRÓNICAS: EL PROTOCOLO EVALUAED,"Aptdo. Décimo, punto 2. El proyecto no alcanza la puntuación mínima de 30 puntos como suma de las puntuaciones de los criterios 10.1.b + 10.1.c + 10.1.d."
167,"LILLO DELGADO, MARÍA CONCEPCIÓN, ***0768** (UNIVERSIDAD DE SALAMANCA, Q3718001E)","57,9",ANÁLISIS GENÉTICO-MOLECULAR DE LA IMPLICACIÓN DE CRB2 EN LA DEGENERACIÓN MACULAR ASOCIADA A LA EDAD Y DISEÑO DE UN MODELO IN VITRO PARA EL ESTUDIO DE ESTA PATOLOGÍA.,"Aptdo. Décimo, punto 2. El proyecto no alcanza la puntuación mínima de 30 puntos como suma de las puntuaciones de los criterios 10.1.b + 10.1.c + 10.1.d."
168,"DÍAZ MÍNGUEZ, JOSÉ MARÍA, ***0383** (UNIVERSIDAD DE SALAMANCA, Q3718001E)","57,5",IMPLICACIÓN DEL ÓXIDO NÍTRICO Y FLAVOHEMOGLOBINAS EN LA INTERACCIÓN PATOGÉNICA DE FUSARIUM OXYSPORUM CON VARIEDADES DE JUDÍA CULTIVADAS EN CASTILLA Y LEÓN,Inexistencia de crédito adecuado y suficiente para financiar las obligaciones derivadas de la concesión de las subvenciones en el ejercicio correspondiente.
169,"MONTERO GÓMEZ, MARÍA JOSEFA, ***3235** (UNIVERSIDAD DE SALAMANCA, Q3718001E)","57,5",ANTIOXIDANTES DE ORIGEN NATURAL EN LA SALUD CARDIOVASCULAR: BENEFICIOS DEL LICOPENO EN LA HIPERTENSIÓN Y EL SÍNDROME METABÓLICO,Inexistencia de crédito adecuado y suficiente para financiar las obligaciones derivadas de la concesión de las subvenciones en el ejercicio correspondiente.
170,"JIMENO BULNES, Mª del MAR, ***5356** (UNIVERSIDAD DE BURGOS, Q0968272E)","57,5",EVOLUCIÓN Y DESARROLLO DEL ESPACIO JUDICIAL EUROPEO EN EL ÁMBITO PENAL; ESPECIAL CONSIDERACIÓN EN MATERIA DE PROTECCIÓN DE LA VÍCTIMA,Inexistencia de crédito adecuado y suficiente para financiar las obligaciones derivadas de la concesión de las subvenciones en el ejercicio correspondiente.
171,"CABALLERO SAHELICES, MARÍA CONCESA, ***4435** (UNIVERSIDAD DE BURGOS, Q0968272E)","57,5",LA INDAGACIÓN CIENTÍFICA EN EL AULA: ESTUDIO DE LA VIABILIDAD DE SU INTRODUCCIÓN EN CENTROS DE EDUCACIÓN PRIMARIA.,"Aptdo. Décimo, punto 2. El proyecto no alcanza la puntuación mínima de 30 puntos como suma de las puntuaciones de los criterios 10.1.b + 10.1.c + 10.1.d."
172,"ALONSO MALLO, ISAÍAS, ***6925** (UNIVERSIDAD DE VALLADOLID, Q4718001C)","57,5",AVANCES EN MÉTODOS NUMÉRICOS PARA LA INTEGRACIÓN EN TIEMPO DE ECUACIONES EN DERIVADAS PARCIALES,"Aptdo. Décimo, punto 2. El proyecto no alcanza la puntuación mínima de 30 puntos como suma de las puntuaciones de los criterios 10.1.b + 10.1.c + 10.1.d."
173,"VILLAR SUÁREZ, Mª VEGA, ***8987** (UNIVERSIDAD DE LEÓN, Q2432001B)",57,PROPIEDADES INMUNOMODULADORAS DE LAS CÉLULAS TRONCALES MESENQUIMALES DERIVADAS DE TEJIDO ADIPOSO Y MÉDULA ÓSEA EN LA ARTRITIS REUMATOIDE.,Inexistencia de crédito adecuado y suficiente para financiar las obligaciones derivadas de la concesión de las subvenciones en el ejercicio correspondiente.
174,"BARBERO PÉREZ, Mª ASUNCIÓN, ***1739** (UNIVERSIDAD DE VALLADOLID, Q4718001C)",57,DISEÑO DE NUEVOS MÉTODOS DE SÍNTESIS ASIMÉTRICA DE ANÁLOGOS DE FEROMONAS DE INSECTOS Y OTROS COMPUESTOS DE INTERÉS MEDIANTE LA QUÍMICA DEL SILICIO,Inexistencia de crédito adecuado y suficiente para financiar las obligaciones derivadas de la concesión de las subvenciones en el ejercicio correspondiente.
175,"VIVARACHO PASCUAL, CARLOS ENRIQUE, ***9732** (UNIVERSIDAD DE VALLADOLID, Q4718001C)","56,5",AUTENTICACIÓN BIOMÉTRICA DE USUARIO MEDIANTE FIRMA MANUSCRITA ON- LINE MULTIDISPOSITIVO Y MULTIPLATAFORMA (BIOFIRMAM2),Inexistencia de crédito adecuado y suficiente para financiar las obligaciones derivadas de la concesión de las subvenciones en el ejercicio correspondiente.
176,"JENARO RÍO, CRISTINA, ***6602** (UNIVERSIDAD DE SALAMANCA, Q3718001E)","56,5",EVALUACIÓN Y APLICACIÓN DE ESTRATEGIAS PARA LA PROMOCIÓN DE LA SALUD EN LA COMUNIDAD PARA TODOS Y A LO LARGO DE LA VIDA: ESTUDIO MULTIMUESTRA,"Aptdo. Décimo, punto 2. El proyecto no alcanza la puntuación mínima de 30 puntos como suma de las puntuaciones de los criterios 10.1.b + 10.1.c + 10.1.d."
177,"GATO CASADO, ÁNGEL LUIS, ***5685** (UNIVERSIDAD DE VALLADOLID, Q4718001C)","56,5","POTENCIACIÓN DE LA NEUROGÉNESIS ENDÓGENA EN CEREBRO DE RATONES ADULTOS, POR EL FLUIDO CEREBROESPINAL EMBRIONARIO. UTILIDAD EN CONDICIONES DE DÉFICIT NEURONAL O LESIÓN CORTICAL.","Aptdo. Décimo, punto 2. El proyecto no alcanza la puntuación mínima de 30 puntos como suma de las puntuaciones de los criterios 10.1.b + 10.1.c + 10.1.d."
178,"GARCÍA TALEGÓN, JACINTA, ***3752** (UNIVERSIDAD DE SALAMANCA, Q3718001E)",56,ZONACIÓN EN LA UTILIZACIÓN DEL GRANITO Y CALIZA EN LOS MONUMENTOS DEL CENTRO SUR DE CASTILLA Y LEÓN: IMPLICACIONES EN LA CONSERVACIÓN DEL PATRIMONIO,Inexistencia de crédito adecuado y suficiente para financiar las obligaciones derivadas de la concesión de las subvenciones en el ejercicio correspondiente.
179,"MOLINA DE LA TORRE, ANTONIO JOSÉ, ***2085** (UNIVERSIDAD DE LEÓN, Q2432001B)",56,INCIDENCIA DE USO PROBLEMÁTICO DE INTERNET Y OTRAS ADICCIONES EN ESTUDIANTES UNIVERSITARIOS: PROYECTO UNIHCOS.,"Aptdo. Décimo, punto 2. El proyecto no alcanza la puntuación mínima de 30 puntos como suma de las puntuaciones de los criterios 10.1.b + 10.1.c + 10.1.d."
180,"FREGENEDA GRANDES, JUAN MIGUEL, ***6488** (UNIVERSIDAD DE LEÓN, Q2432001B)",56,BACTERIAS PROBIÓTICAS DE ORIGEN MARINO PARA EL CONTROL DE LA SAPROLEGNIOSIS EN ACUICULTURA CONTINENTAL.,"Aptdo. Décimo, punto 2. El proyecto no alcanza la puntuación mínima de 30 puntos como suma de las puntuaciones de los criterios 10.1.b + 10.1.c + 10.1.d."
181,"VELASCO CRIADO, ANA PURIFICACIÓN, ***9118** (UNIVERSIDAD DE SALAMANCA, Q3718001E)","55,5",ESTUDIO DE LA DISFUNCIÓN COLINÉRGICA EN MODELOS DE SÍNDROME DE DOWN. PAPEL DEL ÁCIDO OLEICO COMO FACTOR NEUROTRÓFICO EN LA DISCAPACIDAD INTELECTUAL.,"Aptdo. Décimo, punto 2. El proyecto no alcanza la puntuación mínima de 30 puntos como suma de las puntuaciones de los criterios 10.1.b + 10.1.c + 10.1.d."
182,"ÁLVAREZ MAURÍN, MARÍA JOSÉ, ***2506** (UNIVERSIDAD DE LEÓN, Q2432001B)","55,5","LITERATURA Y TERRORISMO ISLAMISTA EN EL SIGLO XXI: LA NARRATIVA DEL 11/S, 11-M Y 7/J EN ESTADOS UNIDOS, ESPAÑA Y GRAN BRETAÑA","Aptdo. Décimo, punto 2. El proyecto no alcanza la puntuación mínima de 30 puntos como suma de las puntuaciones de los criterios 10.1.b + 10.1.c + 10.1.d."
183,"GUTIÉRREZ DÍEZ, PEDRO JOSÉ, ***0428** (UNIVERSIDAD DE VALLADOLID, Q4718001C)","55,5",OPTIMAL PUBLIC DEBT FROM THE PERSPECTIVE OF MONETARY GENERAL EQUILIBRIUM THEORY: THE ROLE OF FISCAL AND MONETARY POLICIES.,"Aptdo. Décimo, punto 2. El proyecto no alcanza la puntuación mínima de 30 puntos como suma de las puntuaciones de los criterios 10.1.b + 10.1.c + 10.1.d."
184,"SÁNCHEZ CURTO, JULIO, ***7170** (UNIVERSIDAD DE VALLADOLID, Q4718001C)","55,5",DISPOSITIVOS DE CRISTALES LÍQUIDOS NEMÁTICOS BASADOS EN MODELOS DE PROPAGACIÓN NO PARAXIAL,"Aptdo. Décimo, punto 2. El proyecto no alcanza la puntuación mínima de 30 puntos como suma de las puntuaciones de los criterios 10.1.b + 10.1.c + 10.1.d."
185,"MOLINA RODRÍGUEZ, VICENTE, ***0615** (UNIVERSIDAD DE VALLADOLID, Q4718001C)","55,5",EXPLORACIÓN DE LAS ALTERACIONES DE LA CONECTIVIDAD PARA UNA NUEVA TIPIFICACIÓN DE LAS PSICOSIS,"Aptdo. Décimo, punto 2. El proyecto no alcanza la puntuación mínima de 30 puntos como suma de las puntuaciones de los criterios 10.1.b + 10.1.c + 10.1.d."
186,"CUESTA MONTERO, EDUARDO, ***6605** (UNIVERSIDAD DE VALLADOLID, Q4718001C)",55,TRATAMIENTO DE IMAGEN CON MODELOS DE EVOLUCIÓN NO LOCALES. APLICACIÓN A IMÁGENES POR SATÉLITE EN INCENDIOS FORESTALES Y EXPLOTACIONES MINERAS.,Inexistencia de crédito adecuado y suficiente para financiar las obligaciones derivadas de la concesión de las subvenciones en el ejercicio correspondiente.
187,"LÓPEZ DÍAZ, TERESA MARÍA, ***5538** (UNIVERSIDAD DE LEÓN, Q2432001B)",55,BIOCONTROL DE PENICILLIUM ALTERANTES Y MICOTOXIGÉNICOS EN QUESO MADURADO (TIPO CASTELLANO) MEDIANTE EL USO DE BACTERIAS ÁCIDO-LÁCTICAS COMO CULTIVOS PROTECTORES.,"Aptdo. Décimo, punto 2. El proyecto no alcanza la puntuación mínima de 30 puntos como suma de las puntuaciones de los criterios 10.1.b + 10.1.c + 10.1.d."
188,"DÍEZ BLANCO, VICTORINO, ***4077** (UNIVERSIDAD DE BURGOS, Q0968272E)",55,OPTIMIZACIÓN DE LOS PROCESOS DE FILTRACIÓN Y LIMPIEZA BASADA EN LA CARACTERIZACIÓN FÍSICO- QUÍMICA DEL ENSUCIAMIENTO EN BIORREACTORES ANAEROBIOS DE MEMBRANA (ANMBR) QUE TRATAN AGUAS RESIDUALES,"Aptdo. Décimo, punto 2. El proyecto no alcanza la puntuación mínima de 30 puntos como suma de las puntuaciones de los criterios 10.1.b + 10.1.c + 10.1.d."
189,"MARTÍNEZ ZARZUELA, MARIO, ***3971** (UNIVERSIDAD DE VALLADOLID, Q4718001C)","54,5",MULTIPLATAFORMA INMERSIVA CON REALIDAD VIRTUAL Y AUMENTADA PARA REHABILITACIÓN DE PACIENTES CON ICTUS O LESIÓN MEDULAR (MIRVARIL),Inexistencia de crédito adecuado y suficiente para financiar las obligaciones derivadas de la concesión de las subvenciones en el ejercicio correspondiente.
190,"SANCHO DE SALAS, FERNANDO, ***6019** (UNIVERSIDAD DE SALAMANCA, Q3718001E)","54,5",CATEGORÍAS DERIVADAS Y ESPACIOS DE MODULI,"Aptdo. Décimo, punto 2. El proyecto no alcanza la puntuación mínima de 30 puntos como suma de las puntuaciones de los criterios 10.1.b + 10.1.c + 10.1.d."
191,"MARTÍNEZ LANAO, JOSÉ, ***9809** (UNIVERSIDAD DE SALAMANCA, Q3718001E)","54,5",INCREMENTO DE LA SELECTIVIDAD DE ANTIRRETROVIRALES EN CÉLULAS DEL SISTEMA INMUNE UTILIZANDO NANOPARTÍCULAS DE ORO,"Aptdo. Décimo, punto 2. El proyecto no alcanza la puntuación mínima de 30 puntos como suma de las puntuaciones de los criterios 10.1.b + 10.1.c + 10.1.d."
192,"DE LAS RIVAS SANZ, JUAN LUIS, ***4930** (UNIVERSIDAD DE VALLADOLID, Q4718001C)","54,3","RELEVANCIA DE LAS CIUDADES MEDIAS EN LA DEFINICIÓN DE LA FUTURA AGENDA URBANA EUROPEA: HACIA EL HORIZONTE 2020, DEFINICIÓN DE UN MARCO ESPECÍFICO Y OPERATIVO DE INVESTIGACIÓN","Aptdo. Décimo, punto 2. El proyecto no alcanza la puntuación mínima de 30 puntos como suma de las puntuaciones de los criterios 10.1.b + 10.1.c + 10.1.d."
193,"TAMAME GONZÁLEZ, MARÍA MERCEDES, ***2130** (C.S.I.C., Q2818002D)","54,2","AISLAMIENTO, DESARROLLO Y ANÁLISIS FUNCIONAL DE NUEVAS CEPAS DE LEVADURA NO MODIFICADAS GENÉTICAMENTE PARA PROCESOS DE PANIFICACIÓN INNOVADORES","Aptdo. Décimo, punto 2. El proyecto no alcanza la puntuación mínima de 30 puntos como suma de las puntuaciones de los criterios 10.1.b + 10.1.c + 10.1.d."
194,"CASTAÑÓN GARCÍA, ANA MARÍA, ***6112** (UNIVERSIDAD DE LEÓN, Q2432001B)",54,MEJORA DE LA EFICIENCIA ENERGÉTICA EN LA FABRICACIÓN DEL CLÍNKER CON LA UTILIZACIÓN DE COMBUSTIBLES ALTERNATIVOS. EFECTOS EN PARÁMETROS DEL HORNO Y CALIDAD. CONSECUENCIAS MEDIOAMBIENTALES Y ECONÓMICAS,Inexistencia de crédito adecuado y suficiente para financiar las obligaciones derivadas de la concesión de las subvenciones en el ejercicio correspondiente.
195,"PARRA SANTOS, MARÍA TERESA, ***7606** (UNIVERSIDAD DE VALLADOLID, Q4718001C)",54,MODELADO NUMÉRICO DE LA COMBUSTIÓN DE GAS NATURAL EN UN QUEMADOR CON FLUJO ROTANTE,Inexistencia de crédito adecuado y suficiente para financiar las obligaciones derivadas de la concesión de las subvenciones en el ejercicio correspondiente.
196,"CURTO DIEGO, MARÍA BELÉN, ***5575** (UNIVERSIDAD DE SALAMANCA, Q3718001E)",54,DESARROLLO DE PROTOTIPO DE ROBOT PARA LA EXTINCIÓN TEMPRANA DE INCENDIOS,"Aptdo. Décimo, punto 2. El proyecto no alcanza la puntuación mínima de 30 puntos como suma de las puntuaciones de los criterios 10.1.b + 10.1.c + 10.1.d."
197,"SÁNCHEZ YAGÜE, JESÚS, ***3312** (UNIVERSIDAD DE SALAMANCA, Q3718001E)",54,PROTEÓMICA DE LA PANCREATITIS AGUDA EXPERIMENTAL: SU APLICACIÓN A LA PANCREATITIS HUMANA TRAS MANIPULACIÓN DE LA PAPILA (CPRE),"Aptdo. Décimo, punto 2. El proyecto no alcanza la puntuación mínima de 30 puntos como suma de las puntuaciones de los criterios 10.1.b + 10.1.c + 10.1.d."
198,"MERCHÁN CIFUENTES, MIGUEL ÁNGEL ROMÁN, ***6788** (UNIVERSIDAD DE SALAMANCA, Q3718001E)",54,DISEÑO DE UN PROTOTIPO DE ANALIZADOR PROSÓDICO DEL LENGUAJE ORAL PARA LA PREDICCIÓN TEMPRANA DE LA ENFERMEDAD DE ALZHEIMER.,"Aptdo. Décimo, punto 2. El proyecto no alcanza la puntuación mínima de 30 puntos como suma de las puntuaciones de los criterios 10.1.b + 10.1.c + 10.1.d."
199,"DOMÍNGUEZ RENEDO, OLGA, ***6542** (UNIVERSIDAD DE BURGOS, Q0968272E)",54,DESARROLLO DE PROTOTIPOS DE MEDIDA AUTÓNOMOS BASADOS EN EL EMPLEO DE BIOSENSORES ELECTROQUÍMICOS DESECHABLES PARA LA DETECCIÓN DE CONTAMINANTES,"Aptdo. Décimo, punto 2. El proyecto no alcanza la puntuación mínima de 30 puntos como suma de las puntuaciones de los criterios 10.1.b + 10.1.c + 10.1.d."
200,"IBÁÑEZ RODRÍGUEZ, MIGUEL, ***3916** (UNIVERSIDAD DE VALLADOLID, Q4718001C)",54,ONTOTERMINOLOGÍA VITIVINÍCOLA,"Aptdo. Décimo, punto 2. El proyecto no alcanza la puntuación mínima de 30 puntos como suma de las puntuaciones de los criterios 10.1.b + 10.1.c + 10.1.d."
201,"PÉREZ BARTOLOMÉ, ISIDRO ALBERTO, ***0670** (UNIVERSIDAD DE VALLADOLID, Q4718001C)",54,"RELACIÓN ENTRE CO2, CH4 Y VARIABLES METEOROLÓGICAS EN UNA ZONA RURAL DE CASTILLA Y LEÓN","Aptdo. Décimo, punto 2. El proyecto no alcanza la puntuación mínima de 30 puntos como suma de las puntuaciones de los criterios 10.1.b + 10.1.c + 10.1.d."
202,"ÁLVAREZ PASTOR, JOSÉ MANUEL, ***6914** (CENTRO DE LÁSERES PULSADOS ULTRACORTOS ULTRAINTENSOS (CLPU), S3700007B)","53,5",HACIA UNA NUEVA GENERACIÓN DE DOSÍMETROS ELECTRÓNICOS ADAPTADOS A LOS CAMPOS DE RADIACIÓN IONIZANTE GENERADOS POR UN ACELERADOR LÁSER PLASMA.,Inexistencia de crédito adecuado y suficiente para financiar las obligaciones derivadas de la concesión de las subvenciones en el ejercicio correspondiente.
203,"HEREDIA CHONS, MARGARITA, ***9320** (UNIVERSIDAD DE SALAMANCA, Q3718001E)","53,5",RECUPERACIÓN DE LESIONES MOTORAS MEDIANTE EL TRATAMIENTO CON LA HORMONA DEL CREMIENTO Y TERAPIA REHABILITADORA: EFECTO DEL MOMENTO DE INICIO DEL TRATAMIENTO Y MECANISMOS IMPLICADOS.,"Aptdo. Décimo, punto 2. El proyecto no alcanza la puntuación mínima de 30 puntos como suma de las puntuaciones de los criterios 10.1.b + 10.1.c + 10.1.d."
204,"RODRÍGUEZ FERRI, ELÍAS FERNANDO, ***6311** (UNIVERSIDAD DE LEÓN, Q2432001B)","53,5",ESTUDIO DE AGENTES PATÓGENOS RELACIONADOS CON EL COMPLEJO RESPIRATORIO PORCINO EN CASTILLA Y LEÓN.,"Aptdo. Décimo, punto 2. El proyecto no alcanza la puntuación mínima de 30 puntos como suma de las puntuaciones de los criterios 10.1.b + 10.1.c + 10.1.d."
205,"VELÁZQUEZ PÉREZ, JESÚS ENRIQUE, ***8980** (UNIVERSIDAD DE SALAMANCA, Q3718001E)",53,DESARROLLO DE NANODISPOSITIVOS Y NUEVOS SUBSTRATOS PARA CONVERSIÓN ENERGÉTICA CON APLICACIÓN EN EDIFICACIÓN,"Aptdo. Décimo, punto 2. El proyecto no alcanza la puntuación mínima de 30 puntos como suma de las puntuaciones de los criterios 10.1.b + 10.1.c + 10.1.d."
206,"VEGA GIL, LEONCIO, ***5399** (UNIVERSIDAD DE SALAMANCA, Q3718001E)",53,"CÓMO ATRAER HACIA LA PROFESIÓN DOCENTE DE LA ESCUELA PRIMARIA A LOS ALUMNOS MÁS ADECUADOS. ESTUDIO COMPARADO EN ESPAÑA, PORTUGAL Y FRANCIA, A PARTIR DE CASTILLA Y LEÓN","Aptdo. Décimo, punto 2. El proyecto no alcanza la puntuación mínima de 30 puntos como suma de las puntuaciones de los criterios 10.1.b + 10.1.c + 10.1.d."
207,"GARCÍA-BERMEJO GINER, FUENCISLA ESPERANZA, ***4387** (UNIVERSIDAD DE SALAMANCA, Q3718001E)",53,GRAFÍA DIALECTAL Y ENREGISTERMENT: EL NORTE DE INGLATERRA (1500-1900),"Aptdo. Décimo, punto 2. El proyecto no alcanza la puntuación mínima de 30 puntos como suma de las puntuaciones de los criterios 10.1.b + 10.1.c + 10.1.d."
208,"TADEO RICO, FERNANDO JUAN, ***0837** (UNIVERSIDAD DE VALLADOLID, Q4718001C)",53,SISTEMA DE GESTIÓN DE ENERGÍA EÓLICA PARA PRODUCCIÓN DISTRIBUIDA DE HIDRÓGENO BASADO EN EL INTERCAMBIO INTENSIVO DE DATOS (MEREDITH),"Aptdo. Décimo, punto 2. El proyecto no alcanza la puntuación mínima de 30 puntos como suma de las puntuaciones de los criterios 10.1.b + 10.1.c + 10.1.d."
209,"DÍEZ CAMPELO, MARÍA, ***0123** (HOSPITAL UNIVERSITARIO DE SALAMANCA, Q3769010D)","52,5",MUTACIONES CON PRONÓSTICO ADVERSO EN SMD: PAPEL DEL TRASPLANTE ALOGÉNICO COMO TRATAMIENTO CURATIVO EN ESTAS SITUACIONES. IMPACTO DEL EFECTO INJERTO CONTRA TUMOR EN EL PRONÓSTICO DE ESTAS MUTACIONES,"Aptdo. Décimo, punto 2. El proyecto no alcanza la puntuación mínima de 30 puntos como suma de las puntuaciones de los criterios 10.1.b + 10.1.c + 10.1.d."
210,"PEÑA ECHEVERRÍA, FRANCISCO JAVIER, ***5100** (UNIVERSIDAD DE VALLADOLID, Q4718001C)","52,5",LOS DEBERES HACIA LOS OTROS: DEBERES PERFECTOS E IMPERFECTOS Y JUSTICIA GLOBAL,"Aptdo. Décimo, punto 2. El proyecto no alcanza la puntuación mínima de 30 puntos como suma de las puntuaciones de los criterios 10.1.b + 10.1.c + 10.1.d."
211,"ZÚÑIGA RODRÍGUEZ, LAURA DEL CARMEN, ***7912** (UNIVERSIDAD DE SALAMANCA, Q3718001E)",52,LA CRIMINALIDAD ORGANIZADA TRASNACIONAL: UNA AMENAZA A LA SEGURIDAD DE LA UNIÓN EUROPEA,"Aptdo. Décimo, punto 2. El proyecto no alcanza la puntuación mínima de 30 puntos como suma de las puntuaciones de los criterios 10.1.b + 10.1.c + 10.1.d."
212,"SÁNCHEZ BÁSCONES, MARÍA DE LAS MERCEDES, ***1577** (UNIVERSIDAD DE VALLADOLID, Q4718001C)","51,5",ABORDAJE MULTIDISCIPLINAR DEL PROBLEMA DE LA YESCA EN VIDES: SÍNTESIS Y VALIDACIÓN DE NUEVOS ANTIFÚNGICOS.,Inexistencia de crédito adecuado y suficiente para financiar las obligaciones derivadas de la concesión de las subvenciones en el ejercicio correspondiente.
213,"RAMÍREZ ORELLANA, ELENA, ***1101** (UNIVERSIDAD DE SALAMANCA, Q3718001E)","51,5","RELACIONES ENTRE CONCEPCIONES, PRÁCTICAS DOCENTES Y APRENDIZAJE CON TIC EN LA ETAPA DE EDUCACIÓN PRIMARIA","Aptdo. Décimo, punto 2. El proyecto no alcanza la puntuación mínima de 30 puntos como suma de las puntuaciones de los criterios 10.1.b + 10.1.c + 10.1.d."
214,"MARTÍNEZ MOLINA, EUSTOQUIO, ***6596** (UNIVERSIDAD DE SALAMANCA, Q3718001E)","51,5",ESTUDIO DE LA BIODIVERSIDAD Y ANÁLISIS MOLECULAR Y FUNCIONAL DE ACTINOBACTERIAS ENDOFÍTICAS DE NÓDULOS DE LEGUMINOSAS COMO PPB (PLANT PROBIOTIC BACTERIA).,"Aptdo. Décimo, punto 2. El proyecto no alcanza la puntuación mínima de 30 puntos como suma de las puntuaciones de los criterios 10.1.b + 10.1.c + 10.1.d."
215,"CELMA VALERO, MARÍA DEL PILAR, ***5387** (UNIVERSIDAD DE VALLADOLID, Q4718001C)","51,5",UNA NUEVA METODOLOGÍA EN LA ENSEÑANZA DE ESPAÑOL COMO LENGUA EXTRANJERA: APROVECHAMIENTO DIDÁCTICO DE LA NARRATIVA BREVE,"Aptdo. Décimo, punto 2. El proyecto no alcanza la puntuación mínima de 30 puntos como suma de las puntuaciones de los criterios 10.1.b + 10.1.c + 10.1.d."
216,"RUEDA ESTRADA, JOSÉ DANIEL, ***7519** (UNIVERSIDAD DE VALLADOLID, Q4718001C)","51,3",CALIDAD DE VIDA Y ATENCIÓN A LAS PERSONAS MAYORES EN EL MEDIO RURAL EN CASTILLA Y LEÓN. FORTALEZAS Y OPORTUNIDADES ORGANIZATIVAS PARA UNA MAYOR EFICIENCIA DE RECURSOS Y SERVICIOS.,"Aptdo. Décimo, punto 2. El proyecto no alcanza la puntuación mínima de 30 puntos como suma de las puntuaciones de los criterios 10.1.b + 10.1.c + 10.1.d."
217,"MARTÍNEZ ÁLVAREZ, JOSÉ LUÍS, ***3687** (UNIVERSIDAD DE SALAMANCA, Q3718001E)",51,"DISEÑO E IMPLEMENTACIÓN DE UN PROGRAMA DE PREVENCIÓN DE RIESGOS SEXUALES EN LA ADOLESCENCIA DIRIGIDO A PADRES/ MADRES, MEDIANTE EL PROTOCOLO INTERVENTION MAPPING.","Aptdo. Décimo, punto 2. El proyecto no alcanza la puntuación mínima de 30 puntos como suma de las puntuaciones de los criterios 10.1.b + 10.1.c + 10.1.d."
218,"ROBLES ROBLES, RITA MARÍA, ***6129** (UNIVERSIDAD DE LEÓN, Q2432001B)",51,CONTRIBUCIÓN DE LOS ALIMENTOS DE CALIDAD DIFERENCIADA A LA EFICIENCIA Y SOSTENIBILIDAD DEL SECTOR AGROALIMENTARIO Y DEL MEDIO RURAL.,"Aptdo. Décimo, punto 2. El proyecto no alcanza la puntuación mínima de 30 puntos como suma de las puntuaciones de los criterios 10.1.b + 10.1.c + 10.1.d."
219,"SÁNCHEZ DOMINGO, RAFAEL, ***9899** (UNIVERSIDAD DE BURGOS, Q0968272E)",51,"LOS DOCUMENTOS PROBATORIOS ANTIGUOS INCLUIDOS EN EL CATASTRO DE ENSENADA DE LA PROVINCIA DE BURGOS: SISTEMATIZACIÓN, ESTUDIO, CATALOGACIÓN, APLICACIÓN DE NUEVAS TECNOLOGÍAS","Aptdo. Décimo, punto 2. El proyecto no alcanza la puntuación mínima de 30 puntos como suma de las puntuaciones de los criterios 10.1.b + 10.1.c + 10.1.d."
220,"CORELL ALMUZARA, ALFREDO, ***2717** (UNIVERSIDAD DE VALLADOLID, Q4718001C)",51,EVALUACIÓN DE BIOMARCADORES INFLAMATORIOS PARA EL DIAGNOSTICO DIFERENCIAL DE CONJUNTIVITIS ALÉRGICAS (ALERGIA OCULAR),"Aptdo. Décimo, punto 2. El proyecto no alcanza la puntuación mínima de 30 puntos como suma de las puntuaciones de los criterios 10.1.b + 10.1.c + 10.1.d."
221,"BLASCO PASCUAL, FRANCISCO JAVIER, ***3441** (UNIVERSIDAD DE VALLADOLID, Q4718001C)",51,PLATAFORMA PARA LA ENSEÑANZA DE ESPAÑO COMO SEGUNDA LENGUA A TRAVÉS DE UN REPOSITORIO AUDIOVISUAL DE VIDEOCLIPS.,"Aptdo. Décimo, punto 2. El proyecto no alcanza la puntuación mínima de 30 puntos como suma de las puntuaciones de los criterios 10.1.b + 10.1.c + 10.1.d."
222,"SIERRA PALLARES, JOSÉ BENITO, ***9160** (UNIVERSIDAD DE VALLADOLID, Q4718001C)",51,MODELADO DE EYECTORES MEDIANTE DINÁMICA DE FLUIDOS COMPUTACIONAL. APLICACIÓN AL ESTUDIO DE EQUIPOS DE REFRIGERACIÓN,"Aptdo. Décimo, punto 2. El proyecto no alcanza la puntuación mínima de 30 puntos como suma de las puntuaciones de los criterios 10.1.b + 10.1.c + 10.1.d."
223,"DÍEZ GUTIÉRREZ, ENRIQUE JAVIER, ***3647** (UNIVERSIDAD DE LEÓN, Q2432001B)","50,5",PERCEPCIONES ENTRE LA COMUNIDAD UNIVERSITARIA RESPECTO A DOS PROPUESTAS SOCIALES ACTUALES RELACIONADAS CON LA SALUD Y LA CALIDAD DE VIDA: LA RENTA BÁSICA GARANTIZADA DE CIUDADANÍA Y EL DECRECIMIENTO.,"Aptdo. Décimo, punto 2. El proyecto no alcanza la puntuación mínima de 30 puntos como suma de las puntuaciones de los criterios 10.1.b + 10.1.c + 10.1.d."
224,"PENAS MERINO, ÁNGEL JOSÉ, ***6831** (UNIVERSIDAD DE LEÓN, Q2432001B)","50,5",MODELIZACIÓN CUANTITATIVA Y PREDICTIVA DE LA PRESENCIA DE BOSQUES DE QUERCUS ROTUNDIFOLIA LAM. EN CASTILLA Y LEÓN EN FUNCIÓN DE POSIBLES VARIACIONES CLIMÁTICAS,"Aptdo. Décimo, punto 2. El proyecto no alcanza la puntuación mínima de 30 puntos como suma de las puntuaciones de los criterios 10.1.b + 10.1.c + 10.1.d."
225,"MARTÍNEZ GARCÍA, Mª DEL CARMEN, ***5685** (UNIVERSIDAD DE VALLADOLID, Q4718001C)","50,5",NUEVAS TERAPIAS EN MODULACIÓN DE LA CICATRIZACIÓN DE HERIDAS CORNEALES GRAVES.,"Aptdo. Décimo, punto 2. El proyecto no alcanza la puntuación mínima de 30 puntos como suma de las puntuaciones de los criterios 10.1.b + 10.1.c + 10.1.d."
226,"FERNÁNDEZ LLAMAS, CAMINO, ***7500** (UNIVERSIDAD DE LEÓN, Q2432001B)",50,ENTORNO HÁPTICO DE APRENDIZAJE EN CIRUGÍA-SUHLE (SURGICAL HAPTIC LEARNING ENVIRONMENT),"Aptdo. Décimo, punto 2. El proyecto no alcanza la puntuación mínima de 30 puntos como suma de las puntuaciones de los criterios 10.1.b + 10.1.c + 10.1.d."
227,"CAMPOS DOMÍNGUEZ, EVA MARÍA, ***7056** (UNIVERSIDAD DE VALLADOLID, Q4718001C)",50,PERIODISMO Y DATOS ABIERTOS EN CASTILLA Y LEÓN (2014-2016) (PDATACYL),"Aptdo. Décimo, punto 2. El proyecto no alcanza la puntuación mínima de 30 puntos como suma de las puntuaciones de los criterios 10.1.b + 10.1.c + 10.1.d."
228,"SANZ JUSTO, MARÍA JULIA, ***5547** (UNIVERSIDAD DE VALLADOLID, Q4718001C)","49,5",ESTIMACIÓN DEL RIESGO Y DETECCIÓN TEMPRANA DE INCENDIOS FORESTALES EN CASTILLA Y LEÓN MEDIANTE TELEDETECCIÓN ESPACIAL,Inexistencia de crédito adecuado y suficiente para financiar las obligaciones derivadas de la concesión de las subvenciones en el ejercicio correspondiente.
229,"FANJUL SUÁREZ, JOSÉ LUIS, ***0664** (UNIVERSIDAD DE LEÓN, Q2432001B)","49,5",GOBIERNO CORPORATIVO EN EL SECTOR TURÍSTICO EN CASTILLA Y LEÓN: DIFERENCIAS DE GESTIÓN FINANCIERA Y COMPETITIVIDAD ENTRE EMPRESAS FAMILIARES Y NO FAMILIARES EN UN CONTEXTO DE CRISIS.,"Aptdo. Décimo, punto 2. El proyecto no alcanza la puntuación mínima de 30 puntos como suma de las puntuaciones de los criterios 10.1.b + 10.1.c + 10.1.d."
230,"OTERO RODRÍGUEZ, ÁLVARO, ***9304** (HOSPITAL UNIVERSITARIO DE SALAMANCA, Q3769010D)",49,IDENTIFICACIÓN DE MUTACIONES DEL GEN DRG1 EN MENINGIOMAS.,"Aptdo. Décimo, punto 2. El proyecto no alcanza la puntuación mínima de 30 puntos como suma de las puntuaciones de los criterios 10.1.b + 10.1.c + 10.1.d."
231,"FERNÁNDEZ SANTOS, YOLANDA, ***7458** (UNIVERSIDAD DE LEÓN, Q2432001B)",49,"LAS PYMES VITIVINÍCOLAS DE CASTILLA Y LEÓN EN UN CONTEXTO DE CRISIS ECONÓMICA Y FINANCIERA. UN ANÁLISIS DE SU COMPETITIVIDAD, PRODUCTIVIDAD Y EFICIENCIA.","Aptdo. Décimo, punto 2. El proyecto no alcanza la puntuación mínima de 30 puntos como suma de las puntuaciones de los criterios 10.1.b + 10.1.c + 10.1.d."
232,"COSTA PÉREZ, CARLOS, ***4910** (UNIVERSIDAD DE SALAMANCA, Q3718001E)","48,5",MODELIZACIÓN DINÁMICA EN LA BIODEGRADACIÓN DE LIXIVIADOS DE CTRS,"Aptdo. Décimo, punto 2. El proyecto no alcanza la puntuación mínima de 30 puntos como suma de las puntuaciones de los criterios 10.1.b + 10.1.c + 10.1.d."
233,"MARTÍN CALVO, MARÍA LUISA, ***0048** (UNIVERSIDAD DE SALAMANCA, Q3718001E)",48,REPERCUSIONES DEL BLOQUEO DEL RECEPTOR 5-HT2 SOBRE LA IMPLICACIÓN DE LA SEROTONINA EN LA PATOLOGIA CARDIOVASCULAR INDUCIDA POR LA DIABETES EXPERIMENTAL,"Aptdo. Décimo, punto 2. El proyecto no alcanza la puntuación mínima de 30 puntos como suma de las puntuaciones de los criterios 10.1.b + 10.1.c + 10.1.d."
234,"SAN JOSÉ ALONSO, JULIO FRANCISCO, ***6395** (UNIVERSIDAD DE VALLADOLID, Q4718001C)",48,"CARACTERIZACIÓN, ESTUDIO DE LA TECNOLOGÍA Y EXPERIMENTACIÓN DE LA UTILIZACIÓN DE ACEITES VEGETALES COMO BIOLÍQUIDOS EN CÁMARAS DE COMBUSTIÓN A PRESIÓN CONSTANTE","Aptdo. Décimo, punto 2. El proyecto no alcanza la puntuación mínima de 30 puntos como suma de las puntuaciones de los criterios 10.1.b + 10.1.c + 10.1.d."
235,"SERRANO PINTADO, ISABEL, ***0398** (UNIVERSIDAD DE SALAMANCA, Q3718001E)","47,5",EVALUACIÓN DE LOS EFECTOS DE UN PROGRAMA DE INTELIGENCIA EMOCIONAL EN NIÑOS,"Aptdo. Décimo, punto 2. El proyecto no alcanza la puntuación mínima de 30 puntos como suma de las puntuaciones de los criterios 10.1.b + 10.1.c + 10.1.d."
236,"FERNÁNDEZ DE MATA, IGNACIO, ***2858** (UNIVERSIDAD DE BURGOS, Q0968272E)","47,5","LA CONFORMACIÓN DE IDENTIDADES COLECTIVAS EN CASTILLA Y LEÓN. ANÁLISIS DESDE LA HISTORIA, EL PATRIMONIO, LA EDUCACIÓN Y LAS TECNOLOGÍAS DE INFORMACIÓN Y COMUNICACIÓN.","Aptdo. Décimo, punto 2. El proyecto no alcanza la puntuación mínima de 30 puntos como suma de las puntuaciones de los criterios 10.1.b + 10.1.c + 10.1.d."
237,"VAQUERA GARCÍA, ANTONIO, ***8623** (UNIVERSIDAD DE LEÓN, Q2432001B)",47,MEJORA DE LA RENTABILIDAD DE LAS EXPLOTACIONES DE OVINO DE LECHE EN CASTILLA Y LEÓN: INCIDENCIA DE LAS ALTERNATIVAS FISCALES,"Aptdo. Décimo, punto 2. El proyecto no alcanza la puntuación mínima de 30 puntos como suma de las puntuaciones de los criterios 10.1.b + 10.1.c + 10.1.d."
238,"ELENA GARCÍA, MARÍA PILAR, ***8263** (UNIVERSIDAD DE SALAMANCA, Q3718001E)","46,5",EL TRADUCTOR-INTÉRPRETE JURADO: ESTUDIO TEÓRICO Y SOCIO- PROFESIONAL PARA UNA FORMACIÓN AVANZADA,"Aptdo. Décimo, punto 2. El proyecto no alcanza la puntuación mínima de 30 puntos como suma de las puntuaciones de los criterios 10.1.b + 10.1.c + 10.1.d."
239,"ESPINO ORDÓÑEZ, GUSTAVO ADOLFO, ***2589** (UNIVERSIDAD DE BURGOS, Q0968272E)","46,5","SÍNTESIS E INTERACCIÓN CON BIOMOLÉCULAS DE NUEVOS COMPLEJOS ORGANOMETÁLICOS DE RU (II), RH (III) E IR (III) CON POTENCIALES APLICACIONES COMO DROGAS ANTICANCERÍGENAS Y COMO SONDAS CELULARES LUMINISCENTES","Aptdo. Décimo, punto 2. El proyecto no alcanza la puntuación mínima de 30 puntos como suma de las puntuaciones de los criterios 10.1.b + 10.1.c + 10.1.d."
240,"ARIAS GUNDÍN, OLGA, ***3202** (UNIVERSIDAD DE LEÓN, Q2432001B)",46,CÓMO MEJORAR LA COMPETENCIA ESCRITA: EVALUACIÓN E INSTRUCCIÓN EN LOS PROCESOS COGNITIVOS DE LA ESCRITURA. REVISIÓN VS. PLANIFICACIÓN,"Aptdo. Décimo, punto 2. El proyecto no alcanza la puntuación mínima de 30 puntos como suma de las puntuaciones de los criterios 10.1.b + 10.1.c + 10.1.d."
241,"VALERO MATAS, JESÚS ALBERTO, ***1559** (UNIVERSIDAD DE VALLADOLID, Q4718001C)",46,"MOTIVACIÓN, INTERÉS Y PERCEPCIÓN DE LA CIENCIA EN LOS ESTUDIANTES DE ESO DE CASTILLA Y LEÓN","Aptdo. Décimo, punto 2. El proyecto no alcanza la puntuación mínima de 30 puntos como suma de las puntuaciones de los criterios 10.1.b + 10.1.c + 10.1.d."
242,"CUÉLLAR ANTEQUERA, JORGE, ***2065** (UNIVERSIDAD DE SALAMANCA, Q3718001E)","45,5",AVANCES EN LA FLEXIBILIDAD Y RENTABILIDAD ECONÓMICA DEL PROCESO DE OBTENCIÓN DE BIODIÉSEL,"Aptdo. Décimo, punto 2. El proyecto no alcanza la puntuación mínima de 30 puntos como suma de las puntuaciones de los criterios 10.1.b + 10.1.c + 10.1.d."
243,"WHITE SÁNCHEZ, JUAN ANTONIO, ***0512** (UNIVERSIDAD DE SALAMANCA, Q3718001E)","45,5",ANÁLISIS DEL ÁNGULO DE CONTACTO MÁS ESTABLE DE LÍQUIDOS SOBRE SUPERFICIES SÓLIDAS,"Aptdo. Décimo, punto 2. El proyecto no alcanza la puntuación mínima de 30 puntos como suma de las puntuaciones de los criterios 10.1.b + 10.1.c + 10.1.d."
244,"RUBIO COQUE, JUAN JOSÉ, ***5915** (UNIVERSIDAD DE LEÓN, Q2432001B)",45,AISLAMIENTO DE ACTINOMICETOS ENDOFÍTICOS DE VID Y SU POSIBLE APLICACIÓN EN EL CONTROL DE ENFERMEDADES DE MADERA DE VID,"Aptdo. Décimo, punto 2. El proyecto no alcanza la puntuación mínima de 30 puntos como suma de las puntuaciones de los criterios 10.1.b + 10.1.c + 10.1.d."
245,"IZQUIERDO YUSTA, ALICIA, ***1455** (UNIVERSIDAD DE BURGOS, Q0968272E)",45,ESTRATEGIAS DE DIFERENCIACIÓN Y POSICIONAMIENTO EN ENTORNOS OFF Y ONLINE PARA EL RETAIL DE CASTILLA Y LEÓN: EL MARKETING 3.0 PARA MEJORAR LA ATRACCIÓN Y RETENCIÓN DE CLIENTES.,"Aptdo. Décimo, punto 2. El proyecto no alcanza la puntuación mínima de 30 puntos como suma de las puntuaciones de los criterios 10.1.b + 10.1.c + 10.1.d."
246,"VILLARROYA LEQUERICAONANDIA, MARÍA BEGOÑA, ***2229** (UNIVERSIDAD DE VALLADOLID, Q4718001C)",45,SITUACIÓN ACTUAL DE LOS ORGANIZACIONES NO GUBERNAMENTALES EN CASTILLA Y LEÓN. ANÁLISIS DE LA EFICIENCIA DE LAS ACTIVIDADES DESARROLLADAS,"Aptdo. Décimo, punto 2. El proyecto no alcanza la puntuación mínima de 30 puntos como suma de las puntuaciones de los criterios 10.1.b + 10.1.c + 10.1.d."
247,"TORMOS FERRANDO, JOSÉ, ***3945** (UNIVERSIDAD DE SALAMANCA, Q3718001E)","44,5","INCIDENCIA DEL DÍPTERO DE ALAS MANCHADAS, DROSOPHILA SUZUKII (MATSUMURA) , EN CULTIVOS DE LA COMUNIDAD DE CASTILLA-LEÓN. IDONEIDAD DE PARASITOIDES AUTÓCTONOS EN EL CONTROL BIOLÓGICO DE ESTA PLAGA","Aptdo. Décimo, punto 2. El proyecto no alcanza la puntuación mínima de 30 puntos como suma de las puntuaciones de los criterios 10.1.b + 10.1.c + 10.1.d."
248,"MEDINA DOMÍNGUEZ, ALEJANDRO, ***6524** (UNIVERSIDAD DE SALAMANCA, Q3718001E)",44,TERMODINÁMICA Y SOSTENIBILIDAD: OPTIMIZACIÓN DE TURBINAS TERMOSOLARES HÍBRIDAS TIPO BRAYTON Y MOTORES TIPO OTTO,"Aptdo. Décimo, punto 2. El proyecto no alcanza la puntuación mínima de 30 puntos como suma de las puntuaciones de los criterios 10.1.b + 10.1.c + 10.1.d."
249,"GARROSA GARCÍA, MANUEL, ***2540** (UNIVERSIDAD DE VALLADOLID, Q4718001C)",44,NEUROPROTECCIÓN EN EL DESPRENDIMIENTO DE RETINA Y LAS DEGENERACIONES RETINIANAS: EFECTOS DE LA INHIBICIÓN DEL TNF ALFA EN LA SUPERVIVENCIA Y FUNCIÓN DE LOS FOTORRECEPTORES,"Aptdo. Décimo, punto 2. El proyecto no alcanza la puntuación mínima de 30 puntos como suma de las puntuaciones de los criterios 10.1.b + 10.1.c + 10.1.d."
250,"SÁENZ DE MIERA CARNICER, LUIS ENRIQUE, ***5512** (UNIVERSIDAD DE LEÓN, Q2432001B)","43,7",CARACTERIZACIÓN METAGENÓMICA DE LAS COMUNIDADES BACTERIANAS PRESENTES EN HUMEDALES ARTIFICIALES PARA EL TRATAMIENTO DE PURINES DE CERDO,"Aptdo. Décimo, punto 2. El proyecto no alcanza la puntuación mínima de 30 puntos como suma de las puntuaciones de los criterios 10.1.b + 10.1.c + 10.1.d."
251,"LIZANA AVIA, MIGUEL, ***6020** (UNIVERSIDAD DE SALAMANCA, Q3718001E)","43,5","ANÁLISIS INTEGRADO DE LA DIVERSIDAD ESPAÑOLA: BIOLÓGICA, GENÉTICA, CULTURAL Y LINGÜÍSTICA","Aptdo. Décimo, punto 2. El proyecto no alcanza la puntuación mínima de 30 puntos como suma de las puntuaciones de los criterios 10.1.b + 10.1.c + 10.1.d."
252,"PEÑA PÉREZ, FRANCISCO JAVIER, ***4247** (UNIVERSIDAD DE BURGOS, Q0968272E)","43,5",PROPUESTA DE MODELO DESCRIPTIVO PARA LOCALIZACIONES AUDIOVISUALES DE INTERÉS PATRIMONIAL,"Aptdo. Décimo, punto 2. El proyecto no alcanza la puntuación mínima de 30 puntos como suma de las puntuaciones de los criterios 10.1.b + 10.1.c + 10.1.d."
253,"GARCÍA DEL DUJO, ÁNGEL, ***1072** (UNIVERSIDAD DE SALAMANCA, Q3718001E)",43,MODIFICACIÓN DE LA PERCEPCIÓN DEL CONOCIMIENTO CIENTÍFICO EN ALUMNOS DE ENSEÑANZA SECUNDARIA OBLIGATORIA,"Aptdo. Décimo, punto 2. El proyecto no alcanza la puntuación mínima de 30 puntos como suma de las puntuaciones de los criterios 10.1.b + 10.1.c + 10.1.d."
254,"BAYÓN PRIETO, YOLANDA, ***0514** (UNIVERSIDAD DE VALLADOLID, Q4718001C)",43,CARACTERIZACIÓN DEL MECANISMO SUBYACENTE A LA ETIOPATOGENIA DE LA ENFERMEDAD RARA AUTOINFLAMATORIA FIEBRE MEDITERRÁNEA FAMILIAR.,"Aptdo. Décimo, punto 2. El proyecto no alcanza la puntuación mínima de 30 puntos como suma de las puntuaciones de los criterios 10.1.b + 10.1.c + 10.1.d."
255,"DE DIEGO VALLEJO, RAÚL, ***5372** (UNIVERSIDAD DE VALLADOLID, Q4718001C)","42,5",EL PAPEL DE LOS SOCIOS COOPERATIVISTAS EN EL DESARROLLO DE LAS COOPERATIVAS EN CASTILLA Y LEÓN,"Aptdo. Décimo, punto 2. El proyecto no alcanza la puntuación mínima de 30 puntos como suma de las puntuaciones de los criterios 10.1.b + 10.1.c + 10.1.d."
256,"BLÁZQUEZ QUINTANA, LUIS FELIPE, ***0738** (UNIVERSIDAD DE LEÓN, Q2432001B)","42,2","OPTIMIZACIÓN DE TÉCNICAS INTELIGENTES DE DETECCIÓN, CLASIFICACIÓN Y DECISIÓN APLICADAS AL TRATAMIENTO DE ANOMALÍAS RADIACTIVAS.","Aptdo. Décimo, punto 2. El proyecto no alcanza la puntuación mínima de 30 puntos como suma de las puntuaciones de los criterios 10.1.b + 10.1.c + 10.1.d."
257,"CALERA ABAD, JOSÉ ANTONIO, ***6869** (UNIVERSIDAD DE SALAMANCA, Q3718001E)",42,MODULACIÓN DE LA CO-REGULACIÓN DE LA HOMEOSTASIS DEL ZINC POR ZINC Y PH Y SU RELACIÓN CON LA VIRULENCIA DEL PATÓGENO HUMANO ASPERGILLUS FUMIGATUS,"Aptdo. Décimo, punto 2. El proyecto no alcanza la puntuación mínima de 30 puntos como suma de las puntuaciones de los criterios 10.1.b + 10.1.c + 10.1.d."
258,"GARCÍA VIEITEZ, JUAN JOSÉ, ***0813** (UNIVERSIDAD DE LEÓN, Q2432001B)",42,ESTUDIO EXPERIMENTAL DE LA ACTIVIDAD CITOTÓXICA DE LA SIDERITIS HYSSOPIFOLIA Y SUS EXTRACTOS EN EL CÁNCER DE PRÓSTATA,"Aptdo. Décimo, punto 2. El proyecto no alcanza la puntuación mínima de 30 puntos como suma de las puntuaciones de los criterios 10.1.b + 10.1.c + 10.1.d."
259,"GARCÍA LÓPEZ, JUAN, ***6314** (UNIVERSIDAD DE LEÓN, Q2432001B)","41,5",ANÁLISIS DE LOS FACTORES BIOMECÁNICOS DETERMINANTES DEL RENDIMIENTO Y EL RIESGO DE LESIÓN EN CARRERAS DE LARGA DISTANCIA,"Aptdo. Décimo, punto 2. El proyecto no alcanza la puntuación mínima de 30 puntos como suma de las puntuaciones de los criterios 10.1.b + 10.1.c + 10.1.d."
260,"FERNÁNDEZ HAWRYLAK, MARÍA, ***9587** (UNIVERSIDAD DE BURGOS, Q0968272E)","41,5",PERSONALIZACIÓN TECNOLÓGICA (PERSOTEC),"Aptdo. Décimo, punto 2. El proyecto no alcanza la puntuación mínima de 30 puntos como suma de las puntuaciones de los criterios 10.1.b + 10.1.c + 10.1.d."
261,"VILLALOBOS ALONSO, DANIEL, ***3043** (UNIVERSIDAD DE VALLADOLID, Q4718001C)","40,5",ARQUITECTURA DEL REGISTRO DEL DO.CO._MO.MO. EN CASTILLA Y LEÓN: ESTUDIO PARA SU PROMOCIÓN CULTURAL Y TURÍSTICA Y PAUTAS DE INTERVENCIÓN PARA SU RESTAURACIÓN Y MEJORA ENERGÉTICA,"Aptdo. Décimo, punto 2. El proyecto no alcanza la puntuación mínima de 30 puntos como suma de las puntuaciones de los criterios 10.1.b + 10.1.c + 10.1.d."
262,"GUTIÉRREZ SAN MIGUEL, MARÍA BEGOÑA, ***1625** (UNIVERSIDAD DE SALAMANCA, Q3718001E)",40,LAS MUJERES RURALES EN CASTILLA Y LEÓN: DE LA FICCIÓN CINEMATOGRÁFICA AL DOCUMENTO,"Aptdo. Décimo, punto 2. El proyecto no alcanza la puntuación mínima de 30 puntos como suma de las puntuaciones de los criterios 10.1.b + 10.1.c + 10.1.d."
263,"FERNÁNDEZ GARCÍA, DANIEL, ***9990** (UNIVERSIDAD DE LEÓN, Q2432001B)","39,5",EFECTIVIDAD DE UNA CONSULTA DE DESHABITUACIÓN TABÁQUICA EN LA REDUCCIÓN DEL CONSUMO Y MEJORA DE CONOCIMIENTOS Y ACTITUDES ENTRE ESTUDIANTES FUMADORES DE CIENCIAS DE LA SALUD,"Aptdo. Décimo, punto 2. El proyecto no alcanza la puntuación mínima de 30 puntos como suma de las puntuaciones de los criterios 10.1.b + 10.1.c + 10.1.d."
264,"PABLO GÓMEZ, SANTIAGO, ***3199** (UNIVERSIDAD DE VALLADOLID, Q4718001C)",38,DESARROLLO DE UN EQUIPO HARDWARE-IN-THE-LOOP PARA LA SIMULACIÓN EN TIEMPO REAL DE LA ELECTRÓNICA DE POTENCIA DE LOS VEHÍCULOS ELÉCTRICOS PARA MEJORAR Y ACELERAR SU DISEÑO Y PUESTA A PUNTO,"Aptdo. Décimo, punto 2. El proyecto no alcanza la puntuación mínima de 30 puntos como suma de las puntuaciones de los criterios 10.1.b + 10.1.c + 10.1.d."
265,"GIL VILLA, FERNANDO, ***6727** (UNIVERSIDAD DE SALAMANCA, Q3718001E)",37,ANÁLISIS DE LAS NECESIDADES SOCIOEDUCATIVAS DE LAS NIÑOS Y NIÑAS CON ENFERMEDAD RARA EN EDAD ESCOLAR EN CASTILLA Y LEÓN.,"Aptdo. Décimo, punto 2. El proyecto no alcanza la puntuación mínima de 30 puntos como suma de las puntuaciones de los criterios 10.1.b + 10.1.c + 10.1.d."
266,"DUQUE PÉREZ, ÓSCAR, ***9952** (UNIVERSIDAD DE VALLADOLID, Q4718001C)",37,"METODOLOGÍA DE PREDICCIÓN DE CONSUMOS ENERGÉTICOS CON VISTAS A SU UTILIZACIÓN EN PROTOCOLOS INTERNACIONALES DE MEDIDA Y VERIFICACIÓN DE AHORROS ENERGÉTICOS, ANTE LA CONTRATACIÓN DE LOS SERVICIOS","Aptdo. Décimo, punto 2. El proyecto no alcanza la puntuación mínima de 30 puntos como suma de las puntuaciones de los criterios 10.1.b + 10.1.c + 10.1.d."
267,"SÁNCHEZ ESCRIBANO, VICENTE, ***7878** (UNIVERSIDAD DE SALAMANCA, Q3718001E)","36,8",PREPARACIÓN Y ESTUDIO DE NUEVOS CARALIZADORES BASADOS EN NI SOPORTADO SOBRE ALÚMINA ACTIVOS EN LA DESOXIGENACIÓN DE BIOALCOHOLES.,"Aptdo. Décimo, punto 2. El proyecto no alcanza la puntuación mínima de 30 puntos como suma de las puntuaciones de los criterios 10.1.b + 10.1.c + 10.1.d."
268,"FRESNO BARO, JOSÉ MARÍA, ***3805** (UNIVERSIDAD DE LEÓN, Q2432001B)",36,ENRIQUECIMIENTO EN ÁCIDOS GRASOS BIOACTIVOS DEL QUESO DE OVEJA A TRAVÉS DEL ESTUDIO Y MEJORA DE LOS FACTORES IMPLICADOS EN LA TECNOLOGÍA DE SU ELABORACIÓN,"Aptdo. Décimo, punto 2. El proyecto no alcanza la puntuación mínima de 30 puntos como suma de las puntuaciones de los criterios 10.1.b + 10.1.c + 10.1.d."
269,"NÚÑEZ RODRÍGUEZ, Mª HENAR, ***4944** (HOSPITAL UNIVERSITARIO DEL RÍO HORTEGA, Q4777001A)","35,5",INCIDENCIA DE LA PÉRDIDA DE EXPRESIÓN DE LAS PROTEÍNAS REPARADORAS DE ADN EN PACIENTES DIAGNOSTICADOS DE CÁNCER COLORRECTAL EN EL HOSPITAL UNIVERSITARIO RIO HORTEGA.,"Aptdo. Décimo, punto 2. El proyecto no alcanza la puntuación mínima de 30 puntos como suma de las puntuaciones de los criterios 10.1.b + 10.1.c + 10.1.d."
270,"ALONSO ÁLVAREZ, ÁNGEL, ***8408** (UNIVERSIDAD DE LEÓN, Q2432001B)","35,5",CREACIÓN DE ENTORNOS COLABORATIVOS MEDIANTE TÉCNICAS DE LA WEB SEMÁNTICA: APLICACIÓN PARA E-LEARNING EN INGENIERÍA DE CONTROL,"Aptdo. Décimo, punto 2. El proyecto no alcanza la puntuación mínima de 30 puntos como suma de las puntuaciones de los criterios 10.1.b + 10.1.c + 10.1.d."
271,"CONDE GUZÓN, PABLO ANTONIO, ***3598** (UNIVERSIDAD DE LEÓN, Q2432001B)",35,ESTUDIO DE LA CALIDAD DE VIDA DE NIÑOS CON EPILEPSIA (ALTERACIONES NEUROPSICOLÓGICAS EN PACIENTES CON CRISIS EPILÉPTICAS TIPO AUSENCIAS TÍPICAS Y CON CRISIS TIPO FOCALES BENIGNAS CENTROTEMPORALES).,"Aptdo. Décimo, punto 2. El proyecto no alcanza la puntuación mínima de 30 puntos como suma de las puntuaciones de los criterios 10.1.b + 10.1.c + 10.1.d."
272,"CÓRDOVA MARTÍNEZ, ALFREDO, ***8732** (UNIVERSIDAD DE VALLADOLID, Q4718001C)","34,5",ENVEJECIMIENTO EXITOSO SALUDABLE. EFECTO DEL NITRATO ORGÁNICO SOBRE EL ESTRÉS OXIDATIVO Y LA INFLAMACION ASOCIADOS AL EJERCICIO.,"Aptdo. Décimo, punto 2. El proyecto no alcanza la puntuación mínima de 30 puntos como suma de las puntuaciones de los criterios 10.1.b + 10.1.c + 10.1.d."
273,"ALONSO GUARDO, ALBERTO, ***0930** (UNIVERSIDAD DE VALLADOLID, Q4718001C)",32,"LAS HUMANIDADES DIGITALES Y LOS ESTUDIOS CLÁSICOS: DESAFÍOS, LOGROS Y PERSPECTIVAS DE FUTURO","Aptdo. Décimo, punto 2. El proyecto no alcanza la puntuación mínima de 30 puntos como suma de las puntuaciones de los criterios 10.1.b + 10.1.c + 10.1.d."
274,"LÓPEZ DÍAZ, CARLOS, ***3668** (UNIVERSIDAD DE LEÓN, Q2432001B)","31,5","EVALUACIÓN DE LA EFICACIA ENERGÉTICA, FIABILIDAD Y CALIDAD DE LA ENERGÍA PRODUCIDA POR LAS DISTINTAS TECNOLOGÍAS EMPLEADAS EN LOS PARQUES EÓLICOS EN CASTILLA Y LEÓN EN LOS ÚLTIMOS CINCO AÑOS.","Aptdo. Décimo, punto 2. El proyecto no alcanza la puntuación mínima de 30 puntos como suma de las puntuaciones de los criterios 10.1.b + 10.1.c + 10.1.d."
275,"MELGOSA RODRÍGUEZ, FERNANDO JAVIER, ***1046** (UNIVERSIDAD DE BURGOS, Q0968272E)","31,2",APLICACIONES DE LA COMUNICACIÓN AUDIOVISUAL EN LOS ESTUDIOS DE SUEÑO REALIZADOS EN NIÑOS CON SOSPECHA DE SÍNDROME DE APNEAS DE SUEÑO.,"Aptdo. Décimo, punto 2. El proyecto no alcanza la puntuación mínima de 30 puntos como suma de las puntuaciones de los criterios 10.1.b + 10.1.c + 10.1.d."
276,"VICENTE PEDRAZ, MIGUEL, ***3667** (UNIVERSIDAD DE LEÓN, Q2432001B)",28,ESTUDIO DE LA VARIABLE RELACIÓN DE GÉNERO EN LOS ESTUDIOS SUPERIORES ADAPTADOS AL EEES EN ACTIVIDAD FÍSICA Y DEPORTES EN CASTILLA Y LEÓN. PROSPECTIVA Y DISEÑO DE POLÍTICAS DE IGUALDAD.,"Aptdo. Décimo, punto 2. El proyecto no alcanza la puntuación mínima de 30 puntos como suma de las puntuaciones de los criterios 10.1.b + 10.1.c + 10.1.d."
277,"SÁNCHEZ-ANGUITA MUÑOZ, ÁNGEL, ***4576** (UNIVERSIDAD DE SALAMANCA, Q3718001E)",16,ESTUDIO EMPÍRICO SOBRE ALGUNAS VARIABLES DE LA SALUD MENTAL Y MORBILIDAD DEL CUIDADOR PROFESIONAL O FAMILIAR DE ENFERMOS CRÓNICOS,"Aptdo. Décimo, punto 2. El proyecto no alcanza la puntuación mínima de 30 puntos como suma de las puntuaciones de los criterios 10.1.b + 10.1.c + 10.1.d."
278,"MONTERO DOMÍNGUEZ, OLIMPIO, ***6145** (C.S.I.C., Q2818002D)",,PRODUCCIÓN DE ALGAS EDÁFICAS AUTÓCTONAS UTLIZANDO RESIDUOS AGROGANADEROS COMO FUENTE DE NUTRIENTES PARA SU USO COMO BIOFERTILIZANTE Y SUMIDERO DE CO2,"Aptdo. Noveno, punto 2. El organismo no subsana en plazo la falta de documentación. Desistido."
279,"DE PAZ FERNÁNDEZ, JOSÉ ANTONIO, ***2589** (UNIVERSIDAD DE LEÓN, Q2432001B)",,EFECTO PREVENTIVO DEL ENTRENAMIENTO CRÓNICO DE FUERZA SOBRE LA PÉRDIDA DE EFICIENCIA DEL PROCESO AUTOFÁGICO ASOCIADA AL ENVEJECIMIENTO,"Aptdo. Noveno, punto 1. La documentación presentada por el investigador principal ha sido registrada fuera de plazo. Excluido."
280,"LARA PRADAS, JUAN MANUEL, ***5661** (UNIVERSIDAD DE SALAMANCA, Q3718001E)",,PROSPECCIÓN DEL POTENCIAL REGENERATIVO DE CÉLULAS GLIALES CONDICIONADAS.,"Aptdo. Noveno, punto 1. La documentación presentada por el investigador principal ha sido registrada fuera de plazo. Excluido."
281,"SÁNCHEZ MIGUEL, EMILIO, ***0947** (UNIVERSIDAD DE SALAMANCA, Q3718001E)",,CÓMO EVOLUCIONA EL CONOCIMIENTO DE LOS MARCADORES TEXTUALES: UN ESTUDIO LONGITUDINAL BASADO EN EL ANÁLISIS DE LOS MOVIMIENTOS OCULARES,"Aptdo. Noveno, punto 1. La documentación presentada por el investigador principal ha sido registrada fuera de plazo. Excluido."
282,"PERIS ÁLVAREZ, SALVADOR, ***7950** (UNIVERSIDAD DE SALAMANCA, Q3718001E)",,EVALUACIÓN ECONÓMICA DE LAS ACCIDENTES DE TRÁFICO CON FAUNA: MODELOS PREDICTIVOS PARA TOMA DE DECISIONES BASADOS EN ANÁLISIS COSTE-BENEFICIOS Y MODELOS DE SIMULACIÓN PARA ESTUDIAR TENDENCIA FUTURA.,"Aptdo. Noveno, punto 1. La documentación presentada por el investigador principal ha sido registrada fuera de plazo. Excluido."
283,Perceptor (Solicitante),Puntuación,"Descripción: Universidades privadas sin ánimo de lucro y fundaciones (Aptdo. Segundo, punto 2 de la convocatoria)",Causa de denegación
284,"GARCÍA MONTERO, ANDRÉS CELESTINO, ***7961** (FUNDACIÓN DE INVESTIGACIÓN DEL CÁNCER DE LA UNIVERSIDAD DE SALAMANCA (FICUS), G37338126)","59,4",PAPEL DE LA ANGIOGÉNESIS MEDIADA POR EL MASTOCITO EN LAS MASTOCITOSIS SISTÉMICAS Y SU POTENCIAL IMPACTO EN LA PROGRESIÓN CLÍNICA DE LA ENFERMEDAD,"Aptdo. Décimo, punto 2. El proyecto no alcanza la puntuación mínima de 30 puntos como suma de las puntuaciones de los criterios 10.1.b + 10.1.c + 10.1.d."
285,"CONDERANA CERRILLO, JESÚS MANUEL, ***6618** (UNIVERSIDAD PONTIFICIA DE SALAMANCA, R3700047H)",55,ESTUDIO Y TRADUCCIÓN ANOTADA DEL COMENTARIO DE ASPASIO A LA ÉTICA NICOMAQUEA DE ARISTÓTELES,"Aptdo. Décimo, punto 2. El proyecto no alcanza la puntuación mínima de 30 puntos como suma de las puntuaciones de los criterios 10.1.b + 10.1.c + 10.1.d."
286,"GALINDO RUBIO, FERNANDO, ***7938** (UNIVERSIDAD PONTIFICIA DE SALAMANCA, R3700047H)","50,5",ANÁLISIS DE LAS APLICACIONES PARA MÓVILES EN EL SECTOR TURÍSTICO EN CASTILLA Y LEÓN,"Aptdo. Décimo, punto 2. El proyecto no alcanza la puntuación mínima de 30 puntos como suma de las puntuaciones de los criterios 10.1.b + 10.1.c + 10.1.d."
287,"HERNANDO GALLEGO, ANA, ***4458** (UNIVERSIDAD CATÓLICA DE ÁVILA, R0500336C)","44,5","EVALUACIÓN DEL ESTADO DE CONSERVACIÓN DE LOS ESPACIOS RED NATURA 2000 EN CASTILLA Y LEÓN, MEDIANTE VARIABLES FISIOGRÁFICAS, PARA LA MEJORA DE LA ORDENACIÓN TERRITORIAL","Aptdo. Décimo, punto 2. El proyecto no alcanza la puntuación mínima de 30 puntos como suma de las puntuaciones de los criterios 10.1.b + 10.1.c + 10.1.d."
288,"PEDRERO ESTEBAN, ALBERTO, ***6148** (UNIVERSIDAD PONTIFICIA DE SALAMANCA, R3700047H)","40,5",DESARROLLO DE INTERFACES DE USUARIO ADAPTABLES PARA USUARIOS CON DISCAPACIDAD COGNITIVA,"Aptdo. Décimo, punto 2. El proyecto no alcanza la puntuación mínima de 30 puntos como suma de las puntuaciones de los criterios 10.1.b + 10.1.c + 10.1.d."
289,"BERJÓN GALLINAS, ROBERTO, ***7601** (UNIVERSIDAD PONTIFICIA DE SALAMANCA, R3700047H)",40,"SERVICIO DE COMUNICACIÓN MULTICANAL MEDIANTE VOZ, REDES SOCIALES, MICROBLOGGING, MENSAJERÍA INSTANTÁNEA Y CORREO ELECTRÓNICO BASADO EN CLOUD COMPUTING","Aptdo. Décimo, punto 2. El proyecto no alcanza la puntuación mínima de 30 puntos como suma de las puntuaciones de los criterios 10.1.b + 10.1.c + 10.1.d."
290,"CUBO DELGADO, MARÍA ESTHER, ***8159** (FUNDACIÓN BURGOS POR LA INVESTIGACIÓN DE LA SALUD, G09254616)",,ESTUDIO DE LA ASOCIACIÓN DE LAS DIFICULTADES ACADÉMICAS CON EL SÍNDROME DE TOURETTE Y SU IMPACTO EN LA CALIDAD DE VIDA EN EL ALUMNADO DE ENSEÑANZA OBLIGATORIA,"Aptdo. Séptimo (6.1.b en 7.1 y 7.2). El investigador principal y el segundo investigador doctor no acreditan vinculación funcionarial, estatutaria o contractual con el organismo solicitante. Excluido."
291,"PEDRERO ESTEBAN, LUIS MIGUEL, ***5316** (UNIVERSIDAD PONTIFICIA DE SALAMANCA, R3700047H)",,"DIGITAL MEDIA CYL: REDEFINICIÓN DEL MODELO DE PRODUCCIÓN, COMERCIALIZACIÓN Y DIFUSIÓN DE LA INDUSTRIA AUDIOVISUAL DE CASTILLA Y LEÓN EN EL ENTORNO DE CONSUMO ONLINE","Aptdo. Noveno, punto 1. La documentación presentada por el investigador principal ha sido registrada fuera de plazo. Excluido."
